RUNCODE_x_x_x,ENDPERIOD,STRPERIOD_x_x_x,SEQUENCE_x_x_x,TYPE_x_x_x,RPTSEQ_x_x_x,PLANT_x_x_x,fd ingred cost/lb meat actual,feed efficiency adj to @bw lb,feed efficiency actual cal/lb,feed efficiency adj conv,feed efficiency actual conv,bird density sq ft place,bird density sq ft kill,age,RUNCODE_y_x_x,STRPERIOD_y_x_x,SEQUENCE_y_x_x,TYPE_y_x_x,RPTSEQ_y_x_x,PLANT_y_x_x,prestart & start feed lbs fed,starter $/ton,grower feeds lbs fed,grower feeds cost $/ton,first withdraw feeds lbs fed,first withdraw feeds cost $/ton,final withdraw feeds lbs fed,final withdraw feeds cost $/ton,total lbs fed/bird,RUNCODE_x_y_x,STRPERIOD_x_y_x,SEQUENCE_x_y_x,TYPE_x_y_x,RPTSEQ_x_y_x,PLANT_x_y_x,avg cal level,% protein per 1500,% lysine per 1500,% TSAA per 1500,% a.phos per 1500,% calcium per 1500,% animal protein,% added fat,RUNCODE_y_y_x,STRPERIOD_y_y_x,SEQUENCE_y_y_x,TYPE_y_y_x,RPTSEQ_y_y_x,PLANT_y_y_x,field condem w/b & field parts %,w/b disease condemn % total wb%,parts condemned 50% field,RUNCODE_x_x_y,STRPERIOD_x_x_y,SEQUENCE_x_x_y,TYPE_x_x_y,RPTSEQ_x_x_y,PLANT_x_x_y,live production cost,chick cost,house cost,feed ingr cost, vaccine medicat cost,doa cost actual,% livability,calorie conver,RUNCODE_y_x_y,STRPERIOD_y_x_y,SEQUENCE_y_x_y,TYPE_y_x_y,RPTSEQ_y_x_y,PLANT_y_x_y,doa @ $.46 %doa,days to @bw lb,down time,RUNCODE_x_y_y,STRPERIOD_x_y_y,SEQUENCE_x_y_y,TYPE_x_y_y,RPTSEQ_x_y_y,PLANT_x_y_y,loss 0-7 days %,loss 8-14 days %,loss 15-21 days %,loss 22-28 days %,loss 29-35 days %,loss 36-42 days %,loss 43-49 days %,loss 50-56 days %,loss after 56 days %,RUNCODE_y_y_y,STRPERIOD_y_y_y,SEQUENCE_y_y_y,TYPE_y_y_y,RPTSEQ_y_y_y,PLANT_y_y_y,act feed cost/lb meat indred cost,actual feed efficiency actual calorie,actual feed efficiency actual conv,calorie level,actual feed cost/ton,% mort
AUDIT,23 3,23 3,1.0,D,30.0,PART,23.01387,2501.85151,2248.06593,1.76433,1.58536,0.71141,0.73898,32.55,AUDIT,23 3,1.0,D,64.0,PART,1.0024,315.13,2.45853,301.75,,,2.92669,293.42,6.38762,AUDIT,23 3,1.0,D,30.0,PART,1418.01631,19.72978,1.17321,0.90109,0.42005,0.92639,0.76168,0.5,AUDIT,23 3,1.0,D,71.0,PART,0.35329,0.13905,0.21424,AUDIT,23 3,1.0,D,1.0,PART,46.42684,10.71508,8.62898,23.01387,0.00927,0.02178,96.26931,2248.06593,AUDIT,23 3,1.0,D,42.0,PART,0.04711,45.02192,19,AUDIT,23 3,1.0,D,5.0,PART,2.01264,0.55159,0.44666,0.39761,0.32219,,,,,AUDIT,23 3,1.0,D,1.0,PART,23.01387,2248.06593,1.58536,1418.01631,290.32999,3.73069
AUDIT,23 3,23 3,1.0,D,85.0,PART,29.92903,2600.49589,2279.02496,1.82653,1.60074,0.64838,0.67944,33.15,AUDIT,23 3,1.0,D,92.0,PART,1.29712,398.21,2.51874,370.81,,,1.88541,355.09,5.70127,AUDIT,23 3,1.0,D,85.0,PART,1423.7362,20.61675,1.24045,0.90738,0.41365,0.83028,3.05364,0.96094,AUDIT,23 3,1.0,D,74.0,PART,0.2886,0.2118,0.0768,AUDIT,23 3,1.0,D,95.0,PART,57.02028,13.17012,8.09501,29.92903,,0.07977,95.42773,2279.02496,AUDIT,23 3,1.0,D,88.0,PART,0.1405,49.78973,17,AUDIT,23 3,1.0,D,5.0,PART,2.01264,0.55159,0.44666,0.39761,0.32219,,,,,AUDIT,23 3,1.0,D,19.0,PART,29.92903,2279.02496,1.60074,1423.7362,373.94098,4.57227
AUDIT,23 3,23 3,1.0,D,64.0,PART,29.45468,2503.87992,2198.88048,1.77314,1.55715,0.7,0.73512,33.3,AUDIT,23 3,1.0,D,97.0,PART,1.27531,397.5093,2.58885,370.7946,,,1.7204,363.7525,5.58457,AUDIT,23 3,1.0,D,64.0,PART,1412.11536,21.47022,1.30817,0.95538,0.45937,0.86425,3.06248,0.78015,AUDIT,23 3,1.0,D,64.0,PART,0.26361,0.1704,0.09321,AUDIT,23 3,1.0,D,93.0,PART,56.69418,13.66995,8.12556,29.45432,0.03355,0.05522,95.22257,2198.88048,AUDIT,23 3,1.0,D,48.0,PART,0.09774,49.67174,17.7,AUDIT,23 3,1.0,D,19.0,PART,2.32272,0.78972,0.64102,0.59795,0.42602,,,,,AUDIT,23 3,1.0,D,13.0,PART,29.45468,2198.88048,1.55715,1412.11536,378.31435,4.77743
AUDIT,23 3,23 3,1.0,D,26.0,PART,27.85417,2374.37113,2110.8267,1.68244,1.4957,0.7011,0.74706,33.7,AUDIT,23 3,1.0,D,105.0,PART,1.30322,393.13,3.03291,374.15,,,1.36158,370.5,5.69771,AUDIT,23 3,1.0,D,26.0,PART,1411.26303,21.74191,1.33299,0.98104,0.49356,0.89847,3.15292,1.00663,AUDIT,23 3,1.0,D,43.0,PART,0.18005,0.08101,0.09904,AUDIT,23 3,1.0,D,75.0,PART,55.21319,14.32104,7.88448,27.85417,0.00582,0.04625,93.8484,2110.8267,AUDIT,23 3,1.0,D,12.0,PART,0.08398,48.27153,18,AUDIT,23 3,1.0,D,44.0,PART,3.79338,0.82438,0.56576,0.43366,0.53442,,,,,AUDIT,23 3,1.0,D,2.0,PART,27.85417,2110.8267,1.4957,1411.26303,372.45648,6.1516
AUDIT,23 3,23 3,1.0,D,36.0,PART,30.17549,2455.07603,2238.00359,1.74104,1.5871,0.73,0.77734,34.74,AUDIT,23 3,1.0,D,77.0,PART,1.32327,409.31,2.79532,388.32,,,2.67842,370.37,6.79701,AUDIT,23 3,1.0,D,36.0,PART,1410.1214,20.22709,1.30397,0.95939,0.42524,0.81816,,0.86275,AUDIT,23 3,1.0,D,106.0,PART,1.05153,1.02772,0.02381,AUDIT,23 3,1.0,D,67.0,PART,54.50969,11.10004,8.26711,30.17549,0.1108,0.13129,93.91013,2238.00359,AUDIT,23 3,1.0,D,50.0,PART,0.24398,45.88187,29.03,AUDIT,23 3,1.0,D,44.0,PART,3.79338,0.82438,0.56576,0.43366,0.53442,,,,,AUDIT,23 3,1.0,D,21.0,PART,30.17549,2238.00359,1.5871,1410.1214,380.25953,6.08987
AUDIT,23 3,23 3,1.0,D,98.0,PART,30.65433,2610.79159,2366.05741,1.8274,1.6561,0.75708,0.79517,34.91,AUDIT,23 3,1.0,D,61.0,PART,0.5044,386.63,3.56739,381.50462,,,2.88308,354.55,6.95487,AUDIT,23 3,1.0,D,98.0,PART,1428.68895,20.38443,1.17437,0.962,0.46537,0.94603,5.77572,1.3475,AUDIT,23 3,1.0,D,85.0,PART,0.37606,0.34339,0.03267,AUDIT,23 3,1.0,D,70.0,PART,54.73652,11.50633,7.64075,30.65433,0.38961,0.11454,95.20974,2366.05741,AUDIT,23 3,1.0,D,93.0,PART,0.21048,46.97431,16,AUDIT,23 3,1.0,D,22.0,PART,2.53227,0.8953,0.70963,0.60882,0.04424,,,,,AUDIT,23 3,1.0,D,25.0,PART,30.65433,2366.05741,1.6561,1428.68895,370.19814,4.79026
AUDIT,23 3,23 3,1.0,D,96.0,PART,29.78364,2666.5717,2347.21832,1.87455,1.65005,0.69451,0.72785,35,AUDIT,23 3,1.0,D,79.0,PART,1.04951,374.03,2.64693,365.87,,,2.26628,348.75,5.96272,AUDIT,23 3,1.0,D,96.0,PART,1422.51654,20.73327,1.26316,0.97027,0.49315,0.96543,1.57562,0.50001,AUDIT,23 3,1.0,D,93.0,PART,0.5517,0.36979,0.18191,AUDIT,23 3,1.0,D,91.0,PART,56.48203,13.45998,7.07151,29.78364,,0.04719,95.41983,2347.21832,AUDIT,23 3,1.0,D,98.0,PART,0.08409,51.80568,16,AUDIT,23 3,1.0,D,18.0,PART,1.73923,0.60346,0.51574,0.59907,1.12268,,,,,AUDIT,23 3,1.0,D,16.0,PART,29.78364,2347.21832,1.65005,1422.51654,361.00372,4.58018
AUDIT,23 3,23 3,1.0,D,61.0,PART,30.20487,2433.56422,2199.50854,1.71785,1.55263,0.69866,0.73405,35.3,AUDIT,23 3,1.0,D,18.0,PART,1.0268,393.01,1.24053,378.02,,,3.68007,360.08,5.9474,AUDIT,23 3,1.0,D,61.0,PART,1416.63552,21.4286,1.26888,0.96196,0.46923,0.92274,2.30531,1.43963,AUDIT,23 3,1.0,D,47.0,PART,0.19922,0.16024,0.03898,AUDIT,23 3,1.0,D,53.0,PART,53.39788,12.38112,7.51962,28.9022,,0.0863,94.87905,2327.93839,AUDIT,23 3,1.0,D,18.0,PART,0.09157,47.90869,19.3,AUDIT,23 3,1.0,D,23.0,PART,2.39091,0.60023,0.49019,0.63024,0.71027,,,,,AUDIT,23 3,1.0,D,9.0,PART,28.9022,2327.93839,1.6166,1440.01772,357.56684,5.12095
AUDIT,23 3,23 3,1.0,D,103.0,PART,29.32317,2541.62719,2245.18084,1.77598,1.56883,0.7,0.75311,35.4,AUDIT,23 3,1.0,D,87.0,PART,1.21579,390.49,2.39895,379.39,,,2.08997,352.72,5.7047,AUDIT,23 3,1.0,D,103.0,PART,1431.11424,21.20037,1.34072,1.02543,0.4242,0.90119,3.50143,2.4742,AUDIT,23 3,1.0,D,36.0,PART,0.13591,0.06348,0.07244,AUDIT,23 3,1.0,D,98.0,PART,58.28539,14.38385,7.54337,29.32317,0.2542,0.7767,92.94776,2245.18084,AUDIT,23 3,1.0,D,91.0,PART,1.35241,51.78404,16.2,AUDIT,23 3,1.0,D,60.0,PART,2.4739,0.90492,0.8155,0.69674,2.16119,,,,,AUDIT,23 3,1.0,D,12.0,PART,29.32317,2245.18084,1.56883,1431.11424,373.82116,7.05224
AUDIT,23 3,23 3,1.0,D,84.0,PART,28.44069,2510.96742,2224.52078,1.78689,1.58304,0.68586,0.73178,35.95,AUDIT,23 3,1.0,D,32.0,PART,1.11116,365.31,1.42856,364.79,,,3.31916,359.03,5.85888,AUDIT,23 3,1.0,D,84.0,PART,1405.21822,21.49683,1.35461,1.04642,0.43278,0.84425,2.54351,0.84557,AUDIT,23 3,1.0,D,89.0,PART,0.49342,0.38588,0.10755,AUDIT,23 3,1.0,D,38.0,PART,52.55354,11.39332,8.18027,28.44069,,0.18445,93.72558,2224.52078,AUDIT,23 3,1.0,D,68.0,PART,0.35396,52.08623,15,AUDIT,23 3,1.0,D,48.0,PART,2.42216,0.72984,0.52225,0.77858,1.21263,0.60896,,,,AUDIT,23 3,1.0,D,6.0,PART,28.44069,2224.52078,1.58304,1405.21822,359.31674,6.27442
AUDIT,23 3,23 3,1.0,D,83.0,PART,31.60759,2494.11774,2281.03601,1.75606,1.60604,0.75253,0.78333,36.18,AUDIT,23 3,1.0,D,66.0,PART,1.26245,409.77,2.49735,403.57,,,3.26081,386.41,7.02061,AUDIT,23 3,1.0,D,83.0,PART,1420.28986,21.64913,1.27696,0.9954,0.47494,0.95775,6.05172,1.33628,AUDIT,23 3,1.0,D,18.0,PART,0.07149,0.05162,0.01987,AUDIT,23 3,1.0,D,47.0,PART,53.09078,9.99779,7.42363,31.60759,0.33817,0.31368,96.06753,2281.03601,AUDIT,23 3,1.0,D,47.0,PART,0.59476,47.2902,19,AUDIT,23 3,1.0,D,9.0,PART,1.71791,0.43858,0.34764,0.66094,0.49652,0.27088,,,,AUDIT,23 3,1.0,D,33.0,PART,31.60759,2281.03601,1.60604,1420.28986,393.61012,3.93247
AUDIT,23 3,23 3,1.0,D,107.0,PART,32.20841,2834.0129,2511.14737,1.91882,1.70022,0.6675,0.75102,36.4,AUDIT,23 3,1.0,D,107.0,PART,1.5951,398.85341,3.32582,392.63,,,1.20928,379.1,6.1302,AUDIT,23 3,1.0,D,107.0,PART,1476.95492,19.56265,1.26318,0.93138,0.41632,0.72074,3.16156,3.5,AUDIT,23 3,1.0,D,80.0,PART,0.3192,0.12578,0.19342,AUDIT,23 3,1.0,D,101.0,PART,59.25341,14.47159,7.96064,32.20841,0.01747,0.25756,88.87962,2511.14737,AUDIT,23 3,1.0,D,105.0,PART,0.43796,52.70811,18,AUDIT,23 3,1.0,D,86.0,PART,0.53195,0.7614,6.38907,0.55135,2.8866,,,,,AUDIT,23 3,1.0,D,41.0,PART,32.20841,2511.14737,1.70022,1476.95492,378.87358,11.12038
AUDIT,23 3,23 3,1.0,D,81.0,PART,31.22825,2568.60725,2342.75354,1.80456,1.64589,0.7256,0.76204,36.46,AUDIT,23 3,1.0,D,73.0,PART,1.183,393.57,3.09964,390.05,,,2.82195,378.01,7.1046,AUDIT,23 3,1.0,D,81.0,PART,1423.40081,20.38934,1.17604,0.95683,0.47286,0.95409,5.77785,1.34174,AUDIT,23 3,1.0,D,49.0,PART,0.20981,0.18245,0.02736,AUDIT,23 3,1.0,D,65.0,PART,54.04725,10.58996,7.78226,31.22825,0.27754,0.11988,95.21742,2342.75354,AUDIT,23 3,1.0,D,78.0,PART,0.22276,48.07056,16,AUDIT,23 3,1.0,D,21.0,PART,2.35776,0.70816,0.57165,0.39865,0.62025,0.12612,,,,AUDIT,23 3,1.0,D,30.0,PART,31.22825,2342.75354,1.64589,1423.40081,379.47075,4.78258
AUDIT,23 3,23 3,1.0,D,59.0,PART,30.02965,2473.34019,2262.66183,1.76486,1.61453,0.7,0.75665,37,AUDIT,23 3,1.0,D,42.0,PART,1.30028,405.86,2.30245,389.25,,,3.99373,379.55,7.59645,AUDIT,23 3,1.0,D,59.0,PART,1401.43374,21.38792,1.34521,0.9896,0.42632,0.84905,,0.7844,AUDIT,23 3,1.0,D,41.0,PART,0.1608,0.01001,0.1508,AUDIT,23 3,1.0,D,78.0,PART,55.5637,11.39826,7.54088,31.10921,0.03,0.10092,95.16083,2321.2689,AUDIT,23 3,1.0,D,40.0,PART,0.07183,48.32005,22.91,AUDIT,23 3,1.0,D,7.0,PART,2.03652,0.46357,0.38346,0.34866,0.43488,0.18487,,,,AUDIT,23 3,1.0,D,20.0,PART,30.02965,2262.66183,1.61453,1401.43374,371.99169,7.48649
AUDIT,23 3,23 3,1.0,D,73.0,PART,30.7948,2498.50607,2317.85488,1.77838,1.6498,0.69692,0.73638,37.09,AUDIT,23 3,1.0,D,95.0,PART,2.04573,402.9784,2.47235,382.149,,,2.49293,349.0457,7.01101,AUDIT,23 3,1.0,D,73.0,PART,1404.93132,21.23347,1.28117,0.97725,0.45378,0.85359,2.44618,0.92241,AUDIT,23 3,1.0,D,34.0,PART,0.13503,0.0078,0.12723,AUDIT,23 3,1.0,D,69.0,PART,54.6722,11.03033,8.53382,30.7948,0.06658,0.05706,94.64047,2317.85488,AUDIT,23 3,1.0,D,43.0,PART,0.10461,47.73786,24,AUDIT,23 3,1.0,D,28.0,PART,2.74381,0.50065,0.41989,0.37299,0.53018,0.79201,,,,AUDIT,23 3,1.0,D,26.0,PART,30.7948,2317.85488,1.6498,1404.93132,373.31564,5.35953
AUDIT,23 3,23 3,1.0,D,87.0,PART,29.68488,2566.65627,2309.03498,1.83385,1.64978,0.67217,0.70105,37.5,AUDIT,23 3,1.0,D,8.0,PART,1.01444,381.28,1.08538,380.08,,,4.55015,349.68,6.64996,AUDIT,23 3,1.0,D,87.0,PART,1399.60143,21.43086,1.26486,1.04166,0.54283,0.94834,1.63178,0.5,AUDIT,23 3,1.0,D,68.0,PART,0.29307,0.08633,0.20673,AUDIT,23 3,1.0,D,56.0,PART,53.45343,11.10744,7.86611,29.68488,,0.24698,95.88056,2309.03498,AUDIT,23 3,1.0,D,83.0,PART,0.46554,51.67012,21,AUDIT,23 3,1.0,D,28.0,PART,2.74381,0.50065,0.41989,0.37299,0.53018,0.79201,,,,AUDIT,23 3,1.0,D,14.0,PART,29.68488,2309.03498,1.64978,1399.60143,359.86464,4.11944
AUDIT,23 3,23 3,1.0,D,106.0,PART,32.2661,2829.11973,2568.82997,1.97154,1.79015,0.65952,0.80785,37.64,AUDIT,23 3,1.0,D,80.0,PART,1.32371,373.03,2.59817,359.87,,,2.55361,349.26,6.47549,AUDIT,23 3,1.0,D,106.0,PART,1434.982,19.93109,1.20389,0.90576,0.4631,0.96022,2.94521,0.49999,AUDIT,23 3,1.0,D,107.0,PART,1.83085,1.62199,0.20887,AUDIT,23 3,1.0,D,102.0,PART,61.08669,14.68933,7.6495,32.2661,,0.06235,81.63995,2568.82997,AUDIT,23 3,1.0,D,107.0,PART,0.10404,50.34327,12,AUDIT,23 3,1.0,D,88.0,PART,1.39835,0.52467,0.34547,0.27986,0.29177,15.51993,,,,AUDIT,23 3,1.0,D,42.0,PART,32.2661,2568.82997,1.79015,1434.982,360.48532,18.36005
AUDIT,23 3,23 3,1.0,D,102.0,PART,31.17636,2659.45951,2372.9761,1.90131,1.6965,0.65651,0.69962,37.8,AUDIT,23 3,1.0,D,12.0,PART,1.00771,379.408,1.12466,383.128,,,4.41373,355.456,6.54611,AUDIT,23 3,1.0,D,102.0,PART,1398.75253,21.42341,1.32977,1.05644,0.51318,0.98376,2.14143,0.38041,AUDIT,23 3,1.0,D,101.0,PART,0.69015,0.09452,0.59563,AUDIT,23 3,1.0,D,86.0,PART,55.94037,11.92203,7.65612,31.17636,,0.13995,93.8381,2372.9761,AUDIT,23 3,1.0,D,101.0,PART,0.25254,53.49524,20,AUDIT,23 3,1.0,D,45.0,PART,1.94037,1.27803,1.17615,1.0813,0.20946,0.4766,,,,AUDIT,23 3,1.0,D,28.0,PART,31.17636,2372.9761,1.6965,1398.75253,367.53856,6.1619
AUDIT,23 3,23 3,1.0,D,50.0,PART,29.85283,2431.37505,2224.66923,1.73768,1.58995,0.7,0.73749,38,AUDIT,23 3,1.0,D,83.0,PART,1.64,400.88,2.18541,385.14,1.19389,368.26,2.51195,357.57,7.53125,AUDIT,23 3,1.0,D,50.0,PART,1399.20614,21.53717,1.35633,0.99677,0.43127,0.85847,,0.77251,AUDIT,23 3,1.0,D,61.0,PART,0.27215,0.16051,0.11164,AUDIT,23 3,1.0,D,32.0,PART,52.13013,7.49265,8.13402,31.18256,0.14392,0.07548,94.36479,2367.27976,AUDIT,23 3,1.0,D,25.0,PART,0.14826,51.01994,26.21,AUDIT,23 3,1.0,D,45.0,PART,1.94037,1.27803,1.17615,1.0813,0.20946,0.4766,,,,AUDIT,23 3,1.0,D,18.0,PART,29.85283,2224.66923,1.58995,1399.20614,375.51879,5.08402
AUDIT,23 3,23 3,1.0,D,79.0,PART,29.85155,2508.58183,2329.41485,1.765,1.63894,0.71987,0.77121,38.07,AUDIT,23 3,1.0,D,49.0,PART,1.19924,388.9,2.68794,378.17,,,3.75666,345.81,7.64384,AUDIT,23 3,1.0,D,79.0,PART,1421.29155,19.6576,1.22293,0.94192,0.42228,0.82654,2.1547,1.51784,AUDIT,23 3,1.0,D,66.0,PART,0.28216,0.14486,0.13731,AUDIT,23 3,1.0,D,61.0,PART,53.77948,10.96695,8.26462,29.85155,0.01,0.18525,93.34301,2329.41485,AUDIT,23 3,1.0,D,66.0,PART,0.34663,47.45044,17,AUDIT,23 3,1.0,D,54.0,PART,2.78418,0.96167,0.85022,0.67793,0.81612,0.56688,,,,AUDIT,23 3,1.0,D,17.0,PART,29.85155,2329.41485,1.63894,1421.29155,364.27828,6.65699
AUDIT,23 3,23 3,1.0,D,43.0,PART,29.2641,2420.92011,2228.86409,1.72069,1.58418,0.7,0.75119,38.3,AUDIT,23 3,1.0,D,58.0,PART,1.21203,390.49,2.37937,379.39,,,3.48058,352.72,7.07198,AUDIT,23 3,1.0,D,42.0,PART,1406.95148,20.20653,1.23331,0.96597,0.49565,0.91775,3.36179,2.40292,AUDIT,23 3,1.0,D,26.0,PART,0.10316,0.04527,0.05789,AUDIT,23 3,1.0,D,79.0,PART,55.63348,11.73878,7.93632,29.2641,0.2506,0.15157,93.18584,2228.86409,AUDIT,23 3,1.0,D,21.0,PART,0.27346,49.02268,16.1,AUDIT,23 3,1.0,D,55.0,PART,2.73527,0.82477,0.84207,0.67347,0.68705,1.05153,,,,AUDIT,23 3,1.0,D,11.0,PART,29.2641,2228.86409,1.58418,1406.95148,369.45422,6.81416
AUDIT,23 3,23 3,1.0,D,99.0,PART,35.00151,2533.42466,2304.85266,1.79975,1.63738,0.72695,0.77439,38.99,AUDIT,23 3,1.0,D,106.0,PART,1.34939,447.94,1.72691,431.31,3.85144,418.22,,,6.92773,AUDIT,23 3,1.0,D,99.0,PART,1407.65062,20.65256,1.26838,1.00782,0.52804,0.94339,3.40726,2.71325,AUDIT,23 3,1.0,D,104.0,PART,0.77009,0.30179,0.4683,AUDIT,23 3,1.0,D,106.0,PART,65.8293,12.56087,13.51386,35.00151,0.11476,0.15567,93.87341,2304.85266,AUDIT,23 3,1.0,D,79.0,PART,0.23887,51.82478,20.25,AUDIT,23 3,1.0,D,42.0,PART,2.56943,0.71576,0.58028,0.70731,0.70083,0.85298,,,,AUDIT,23 3,1.0,D,83.0,PART,35.00151,2304.85266,1.63738,1407.65062,427.53184,6.12659
AUDIT,23 3,23 3,1.0,D,63.0,PART,28.24029,2506.23626,2284.71811,1.79995,1.64086,0.76447,0.81103,39.23,AUDIT,23 3,1.0,D,93.0,PART,1.34687,361.83,3.55572,348.04,,,2.16029,350.12,7.06288,AUDIT,23 3,1.0,D,63.0,PART,1392.3902,21.77287,1.34982,1.0395,0.43714,0.86105,2.80782,0.52142,AUDIT,23 3,1.0,D,75.0,PART,0.30726,0.08091,0.22635,AUDIT,23 3,1.0,D,58.0,PART,53.55141,12.59063,7.94758,28.24029,,0.03187,94.25904,2284.71811,AUDIT,23 3,1.0,D,53.0,PART,0.05972,51.80625,23,AUDIT,23 3,1.0,D,30.0,PART,2.97935,0.69743,0.67954,0.74064,0.42742,0.21658,,,,AUDIT,23 3,1.0,D,5.0,PART,28.24029,2284.71811,1.64086,1392.3902,344.2132,5.74096
AUDIT,23 3,23 3,1.0,D,105.0,PART,33.61525,2654.69098,2429.7035,1.88669,1.72679,0.7272,0.77835,40,AUDIT,23 3,1.0,D,103.0,PART,2.0954,405.72,2.96452,401.27,0.51402,384.85,1.93375,365.69,7.50769,AUDIT,23 3,1.0,D,105.0,PART,1407.06537,21.2732,1.30523,0.99192,0.44345,0.79048,,1.30987,AUDIT,23 3,1.0,D,12.0,PART,0.03628,0.01381,0.02247,AUDIT,23 3,1.0,D,97.0,PART,57.78868,11.06885,7.14468,33.61525,0.07856,0.35792,93.4283,2429.7035,AUDIT,23 3,1.0,D,99.0,PART,0.62343,52.16151,19,AUDIT,23 3,1.0,D,53.0,PART,1.18139,0.38259,3.56185,0.44668,0.39163,0.60756,,,,AUDIT,23 3,1.0,D,61.0,PART,33.61525,2429.7035,1.72679,1407.06537,389.33854,6.5717
AUDIT,23 3,23 3,1.0,D,82.0,PART,29.72444,2561.41684,2353.07933,1.80416,1.65741,0.75277,0.78795,40.38,AUDIT,23 3,1.0,D,78.0,PART,1.29272,380.88,3.29264,355.44,,,2.80405,358.49,7.38941,AUDIT,23 3,1.0,D,82.0,PART,1419.7295,21.55312,1.34739,1.01819,0.44344,0.93938,3.08628,0.69418,AUDIT,23 3,1.0,D,59.0,PART,0.25687,0.23302,0.02385,AUDIT,23 3,1.0,D,52.0,PART,53.35783,10.81631,8.80069,29.72444,,0.09151,95.53542,2353.07933,AUDIT,23 3,1.0,D,76.0,PART,0.17224,52.04542,16,AUDIT,23 3,1.0,D,17.0,PART,1.6754,0.40742,0.58436,0.70589,0.53766,0.55387,,,,AUDIT,23 3,1.0,D,15.0,PART,29.72444,2353.07933,1.65741,1419.7295,358.68455,4.46458
AUDIT,23 3,23 3,1.0,D,94.0,PART,32.55625,2523.60857,2374.07228,1.81324,1.7058,0.8,0.83512,40.63,AUDIT,23 3,1.0,D,86.0,PART,1.43271,409.02,2.82301,390.62,2.16396,382.98,2.07059,368.05,8.49026,AUDIT,23 3,1.0,D,94.0,PART,1391.7674,21.58611,1.39458,1.01951,0.46734,1.01012,,1.41639,AUDIT,23 3,1.0,D,87.0,PART,0.41641,0.37001,0.0464,AUDIT,23 3,1.0,D,99.0,PART,58.95914,11.80335,9.34802,32.55625,0.2,0.09961,95.79426,2374.07228,AUDIT,23 3,1.0,D,63.0,PART,0.16993,48.6455,24,AUDIT,23 3,1.0,D,13.0,PART,1.19317,0.37574,0.43124,0.65093,0.98947,0.5652,,,,AUDIT,23 3,1.0,D,47.0,PART,32.55625,2374.07228,1.7058,1391.7674,381.71309,4.20574
AUDIT,23 3,23 3,1.0,D,78.0,PART,32.42831,2493.51628,2371.85368,1.75635,1.67065,0.77005,0.79612,40.86,AUDIT,23 3,1.0,D,57.0,PART,1.31485,405.86,3.27501,389.25,,,4.20499,379.55,8.79484,AUDIT,23 3,1.0,D,78.0,PART,1419.71726,21.81834,1.33358,0.96788,0.47571,0.87728,4.23979,1.15197,AUDIT,23 3,1.0,D,9.0,PART,0.03231,,0.03231,AUDIT,23 3,1.0,D,92.0,PART,56.66171,9.58493,8.00977,32.42831,,0.36792,96.72449,2371.85368,AUDIT,23 3,1.0,D,44.0,PART,0.65378,47.31346,18,AUDIT,23 3,1.0,D,1.0,PART,1.22306,0.30501,0.27371,0.31019,0.4374,0.72614,,,,AUDIT,23 3,1.0,D,45.0,PART,32.42831,2371.85368,1.67065,1419.71726,388.21134,3.27551
AUDIT,23 3,23 3,1.0,D,52.0,PART,30.21428,2467.28578,2289.68182,1.78295,1.65461,0.74274,0.77023,41,AUDIT,23 3,1.0,D,69.0,PART,1.1777,363.41,3.42291,360.2,,,3.1997,361.15,7.80031,AUDIT,23 3,1.0,D,52.0,PART,1383.82329,21.81325,1.3424,1.01925,0.29505,0.77865,3.28641,1.08567,AUDIT,23 3,1.0,D,72.0,PART,0.29415,0.29415,,AUDIT,23 3,1.0,D,84.0,PART,55.9044,11.41119,8.89337,30.21427,,0.12592,96.4312,2289.68182,AUDIT,23 3,1.0,D,30.0,PART,0.22641,51.19829,12,AUDIT,23 3,1.0,D,3.0,PART,1.98873,0.46154,0.37069,0.31374,0.30305,0.13105,,,,AUDIT,23 3,1.0,D,23.0,PART,30.21428,2289.68182,1.65461,1383.82329,365.21421,3.5688
AUDIT,23 3,23 3,1.0,D,39.0,PART,32.11739,2492.25709,2430.35991,1.76187,1.71811,0.87,0.92612,42,AUDIT,23 3,1.0,D,24.0,PART,1.31771,402.68,3.08314,387.04,,,5.68371,366.26,10.08456,AUDIT,23 3,1.0,D,39.0,PART,1414.5565,20.28007,1.22797,0.93324,0.40398,0.79573,,0.89905,AUDIT,23 3,1.0,D,14.0,PART,0.04777,0.00304,0.04474,AUDIT,23 3,1.0,D,6.0,PART,49.82382,8.46284,7.05006,30.2573,,0.03844,94.88057,2319.0791,AUDIT,23 3,1.0,D,28.0,PART,0.08261,50.23325,17,AUDIT,23 3,1.0,D,2.0,PART,1.28693,0.4487,0.50442,0.2906,0.2712,0.47959,,,,AUDIT,23 3,1.0,D,24.0,PART,30.2573,2319.0791,1.66616,1391.87271,363.1985,5.11943
AUDIT,23 3,23 3,1.0,D,5.0,PART,27.9672,2410.24263,2265.80859,1.72598,1.62255,0.74163,0.77333,42.21,AUDIT,23 3,1.0,D,91.0,PART,1.25565,367.68,3.18375,344.58,2.0585,340.5,1.60588,359.83,8.10377,AUDIT,23 3,1.0,D,5.0,PART,1396.4482,22.13686,1.33184,0.94456,0.20739,0.73413,9.99027,0.19817,AUDIT,23 3,1.0,D,24.0,PART,0.10904,0.10568,0.00337,AUDIT,23 3,1.0,D,11.0,PART,50.04675,9.75753,7.28367,27.9672,,0.04906,95.9007,2265.80859,AUDIT,23 3,1.0,D,15.0,PART,0.09824,50.64828,22,AUDIT,23 3,1.0,D,10.0,PART,1.79701,0.58994,0.5816,0.46472,0.32911,0.27319,0.06372,,,AUDIT,23 3,1.0,D,3.0,PART,27.9672,2265.80859,1.62255,1396.4482,344.73118,4.0993
AUDIT,23 3,23 3,1.0,D,93.0,PART,32.91922,2545.96929,2428.98424,1.826,1.7421,0.77,0.83075,44.84,AUDIT,23 3,1.0,D,22.0,PART,1.20827,394.79,2.71369,382.01,,,5.24096,367.54,9.16292,AUDIT,23 3,1.0,D,93.0,PART,1394.28791,19.90249,1.24006,0.95174,0.51898,0.82893,3.38934,1.41319,AUDIT,23 3,1.0,D,6.0,PART,0.01855,0.00748,0.01107,AUDIT,23 3,1.0,D,51.0,PART,53.25701,9.01237,7.52426,32.91922,0.05754,0.21633,92.68718,2428.98424,AUDIT,23 3,1.0,D,77.0,PART,0.40793,51.45929,20.5,AUDIT,23 3,1.0,D,65.0,PART,3.17545,0.51825,0.42012,0.45374,0.82126,0.54648,1.37752,,,AUDIT,23 3,1.0,D,50.0,PART,32.91922,2428.98424,1.7421,1394.28791,377.92647,7.31282
AUDIT,23 3,23 3,1.0,D,77.0,PART,39.31092,2493.8106,2416.84142,1.77454,1.71977,0.75246,0.82606,45.05,AUDIT,23 3,1.0,D,85.0,PART,1.2175,487.03,2.75083,465.74,4.11114,451.32,1.47066,436.22,9.55012,AUDIT,23 3,1.0,D,77.0,PART,1405.32885,20.06533,1.22908,0.97863,0.53797,1.04908,3.46871,2.97306,AUDIT,23 3,1.0,D,78.0,PART,0.27538,0.1801,0.09529,AUDIT,23 3,1.0,D,104.0,PART,64.56025,9.15327,8.62764,39.31092,0.11372,0.19843,91.08954,2416.84142,AUDIT,23 3,1.0,D,65.0,PART,0.30915,49.33319,11,AUDIT,23 3,1.0,D,78.0,PART,1.52243,0.57877,0.93827,1.27647,1.15052,2.10713,1.33688,,,AUDIT,23 3,1.0,D,107.0,PART,39.31092,2416.84142,1.71977,1405.32885,457.16498,8.91047
AUDIT,23 3,23 3,1.0,D,22.0,PART,28.10286,2367.67638,2347.92454,1.71795,1.70362,0.91836,0.95843,45.68,AUDIT,23 3,1.0,D,14.0,PART,1.26779,359.23,1.27551,355.34,2.83135,343.1,5.46077,327.87056,10.83542,AUDIT,23 3,1.0,D,22.0,PART,1378.20024,20.73287,1.33189,1.00933,0.50747,0.96561,,0.74663,AUDIT,23 3,1.0,D,37.0,PART,0.1642,0.16067,0.00353,AUDIT,23 3,1.0,D,8.0,PART,49.92138,6.77089,10.26807,28.10286,0.00562,0.07347,95.8191,2347.92454,AUDIT,23 3,1.0,D,8.0,PART,0.14763,46.79036,14,AUDIT,23 3,1.0,D,12.0,PART,1.32685,0.40804,0.51029,0.56256,0.45704,0.50719,0.40894,,,AUDIT,23 3,1.0,D,4.0,PART,28.10286,2347.92454,1.70362,1378.20024,329.91998,4.18091
AUDIT,23 3,23 3,1.0,D,18.0,PART,31.91561,2309.1828,2336.41721,1.62494,1.6441,0.8393,0.87141,47,AUDIT,23 3,1.0,D,70.0,PART,0.93032,380.8,4.20844,359.07225,3.09092,333.4,2.88086,328.25,11.11054,AUDIT,23 3,1.0,D,18.0,PART,1421.09246,21.36773,1.31558,1.04216,0.52006,0.94206,4.67422,1.70763,AUDIT,23 3,1.0,D,2.0,PART,0.00656,0.00389,0.00267,AUDIT,23 3,1.0,D,3.0,PART,48.76942,6.81456,7.92624,28.98182,0.07,0.12128,94.48076,2473.68576,AUDIT,23 3,1.0,D,4.0,PART,0.09033,45.46811,12,AUDIT,23 3,1.0,D,4.0,PART,1.37066,0.65374,0.45596,0.35937,0.31611,0.28698,0.24147,,,AUDIT,23 3,1.0,D,7.0,PART,28.75328,2457.81325,1.72739,1422.84634,332.90972,4.26448
AUDIT,23 3,23 3,1.0,D,71.0,PART,33.37197,2494.4158,2466.79109,1.77931,1.75961,0.80982,0.86953,47.01,AUDIT,23 3,1.0,D,39.0,PART,1.31054,393.57,3.47829,387.81,,,4.97145,374.2,9.76028,AUDIT,23 3,1.0,D,71.0,PART,1401.90005,21.47308,1.26953,0.94436,0.49475,0.93203,3.0716,1.20362,AUDIT,23 3,1.0,D,31.0,PART,0.11761,0.04641,0.0712,AUDIT,23 3,1.0,D,88.0,PART,56.30263,10.3844,7.945,33.37197,0.01144,0.11168,93.13302,2466.79109,AUDIT,23 3,1.0,D,51.0,PART,0.19898,50.18688,21.7,AUDIT,23 3,1.0,D,57.0,PART,1.66268,0.43153,0.50365,0.59336,0.65865,1.8942,1.12292,,,AUDIT,23 3,1.0,D,55.0,PART,33.37197,2466.79109,1.75961,1401.90005,379.31194,6.86698
AUDIT,23 3,23 3,1.0,D,53.0,PART,37.90697,2433.07065,2404.75987,1.72439,1.70432,0.80407,0.87248,47.22,AUDIT,23 3,1.0,D,71.0,PART,1.46728,483.91,2.71633,464.28,3.65089,444.07,2.66241,435.72,10.4969,AUDIT,23 3,1.0,D,53.0,PART,1410.97804,19.58888,1.21157,0.97874,0.52609,0.97558,,3.62283,AUDIT,23 3,1.0,D,30.0,PART,0.10042,0.07925,0.02117,AUDIT,23 3,1.0,D,105.0,PART,65.53429,9.82995,13.28118,37.90697,0.20235,0.15363,92.15961,2404.75987,AUDIT,23 3,1.0,D,26.0,PART,0.23522,48.83341,24,AUDIT,23 3,1.0,D,70.0,PART,2.50217,0.6776,0.75539,0.74649,0.63847,0.74143,1.77885,,,AUDIT,23 3,1.0,D,106.0,PART,37.90697,2404.75987,1.70432,1410.97804,444.83364,7.84039
AUDIT,23 3,23 3,1.0,D,42.0,PART,32.09136,2476.10979,2473.14555,1.78158,1.77944,0.90731,0.96697,47.34,AUDIT,23 3,1.0,D,54.0,PART,1.55938,400.88,2.43478,385.14,3.50184,368.26,4.13511,357.57,11.63111,AUDIT,23 3,1.0,D,43.0,PART,1389.84223,20.53146,1.3244,0.97857,0.29736,0.74678,,1.13724,AUDIT,23 3,1.0,D,62.0,PART,0.28685,0.14027,0.14658,AUDIT,23 3,1.0,D,12.0,PART,50.31911,5.0552,7.7911,32.09136,0.09537,0.36508,93.83015,2473.14555,AUDIT,23 3,1.0,D,54.0,PART,0.73291,47.50087,22,AUDIT,23 3,1.0,D,70.0,PART,2.50217,0.6776,0.75539,0.74649,0.63847,0.74143,1.77885,,,AUDIT,23 3,1.0,D,37.0,PART,32.09136,2473.14555,1.77944,1389.84223,360.68986,6.16985
AUDIT,23 3,23 3,1.0,D,11.0,PART,31.77765,2268.45707,2289.55188,1.60679,1.62173,0.70011,0.73064,47.5,AUDIT,23 3,1.0,D,102.0,PART,2.23614,410.77,3.088,400.78,4.56495,390.07,1.31202,374.81,11.20111,AUDIT,23 3,1.0,D,11.0,PART,1411.79498,22.00831,1.36557,1.06013,0.48439,0.90355,4.50665,1.77427,AUDIT,23 3,1.0,D,7.0,PART,0.02285,0.00886,0.01399,AUDIT,23 3,1.0,D,10.0,PART,50.00097,7.01041,7.46328,31.77765,0.03264,0.08034,95.82111,2289.55188,AUDIT,23 3,1.0,D,2.0,PART,0.16096,46.2705,18,AUDIT,23 3,1.0,D,11.0,PART,1.44933,0.62601,0.59546,0.5143,0.36712,0.31771,0.30896,,,AUDIT,23 3,1.0,D,34.0,PART,31.77765,2289.55188,1.62173,1411.79498,391.8979,4.17889
AUDIT,23 3,23 3,1.0,D,91.0,PART,37.83834,2547.25101,2496.68427,1.80458,1.76876,0.81613,0.89345,47.6,AUDIT,23 3,1.0,D,72.0,PART,1.37835,462.26,2.95142,437.4,3.55578,427.68,2.60223,435.72,10.48779,AUDIT,23 3,1.0,D,90.0,PART,1411.54436,20.29277,1.22871,0.99773,0.52921,1.00629,3.06047,2.91635,AUDIT,23 3,1.0,D,48.0,PART,0.16767,0.14651,0.02117,AUDIT,23 3,1.0,D,107.0,PART,67.27007,10.30152,12.82329,37.83834,0.19137,0.16235,91.34538,2496.68427,AUDIT,23 3,1.0,D,82.0,PART,0.24233,50.43698,18,AUDIT,23 3,1.0,D,77.0,PART,2.49635,0.92498,1.08924,1.12008,0.78349,0.91632,1.32418,,,AUDIT,23 3,1.0,D,105.0,PART,37.83834,2496.68427,1.76876,1411.54436,427.85142,8.65462
AUDIT,23 3,23 3,1.0,D,76.0,PART,37.2692,2557.42319,2535.26954,1.80621,1.79056,0.80894,0.90046,47.66,AUDIT,23 3,1.0,D,48.0,PART,1.65974,447.94,1.83554,418.22,3.44308,,4.20143,407.55,11.13979,AUDIT,23 3,1.0,D,76.0,PART,1415.90596,19.1632,1.17344,0.94311,0.50084,0.90584,2.99719,2.58364,AUDIT,23 3,1.0,D,83.0,PART,0.31494,0.25223,0.06271,AUDIT,23 3,1.0,D,103.0,PART,63.98313,9.34441,12.67711,37.2692,0.11731,0.21707,89.83671,2535.26954,AUDIT,23 3,1.0,D,92.0,PART,0.3415,48.864,22,AUDIT,23 3,1.0,D,84.0,PART,3.53438,0.77808,0.82433,1.0145,1.32952,2.34424,0.33824,,,AUDIT,23 3,1.0,D,103.0,PART,37.2692,2535.26954,1.79056,1415.90596,416.28453,10.16329
AUDIT,23 3,23 3,1.0,D,10.0,PART,33.10547,2294.74118,2317.6884,1.62413,1.64037,0.83884,0.87289,47.8,AUDIT,23 3,1.0,D,98.0,PART,2.22552,425.08,3.05093,414.94,4.54031,404.32,1.50382,389.24,11.32057,AUDIT,23 3,1.0,D,10.0,PART,1412.90492,21.78775,1.34024,1.04159,0.48759,0.89136,4.5301,1.61379,AUDIT,23 3,1.0,D,1.0,PART,0.00382,0.002,0.00183,AUDIT,23 3,1.0,D,28.0,PART,51.76912,6.91211,7.10204,33.10547,0.07034,0.04666,96.09935,2317.6884,AUDIT,23 3,1.0,D,3.0,PART,0.09022,46.47258,17,AUDIT,23 3,1.0,D,8.0,PART,0.74815,0.50173,0.5388,0.53038,0.54362,0.41251,0.62546,,,AUDIT,23 3,1.0,D,52.0,PART,33.10547,2317.6884,1.64037,1412.90492,403.63392,3.90065
AUDIT,23 3,23 3,1.0,D,57.0,PART,33.3966,2581.61444,2633.34335,1.80883,1.84508,0.91,0.96774,48,AUDIT,23 3,1.0,D,40.0,PART,1.02933,406.54,4.21998,377.01,2.93248,363.1,5.06857,359.18,13.25036,AUDIT,23 3,1.0,D,57.0,PART,1427.22557,19.00612,1.2262,0.89128,0.36931,0.75269,,1.01843,AUDIT,23 3,1.0,D,69.0,PART,0.29497,0.16904,0.12593,AUDIT,23 3,1.0,D,57.0,PART,53.50895,6.4574,8.84409,33.3966,0.0823,0.11768,94.03394,2633.34335,AUDIT,23 3,1.0,D,86.0,PART,0.22104,45.39068,29.27,AUDIT,23 3,1.0,D,8.0,PART,0.74815,0.50173,0.5388,0.53038,0.54362,0.41251,0.62546,,,AUDIT,23 3,1.0,D,56.0,PART,33.3966,2633.34335,1.84508,1427.22557,362.0073,5.96606
AUDIT,23 3,23 3,1.0,D,1.0,PART,32.39137,2219.16417,2254.83746,1.58411,1.60957,0.83957,0.87877,48.1,AUDIT,23 3,1.0,D,100.0,PART,2.29088,417.48,3.13019,408.66,4.55908,400.34,1.46586,387.37,11.44601,AUDIT,23 3,1.0,D,1.0,PART,1400.89191,21.87773,1.36053,1.04999,0.48907,0.92655,4.26072,1.14094,AUDIT,23 3,1.0,D,3.0,PART,0.00964,0.00074,0.0089,AUDIT,23 3,1.0,D,23.0,PART,51.45482,6.6319,7.06214,32.39137,0.05705,0.06228,95.53992,2254.83746,AUDIT,23 3,1.0,D,1.0,PART,0.1212,45.98514,17,AUDIT,23 3,1.0,D,16.0,PART,1.70131,0.94119,0.37631,0.31603,0.31653,0.29933,0.50938,,,AUDIT,23 3,1.0,D,44.0,PART,32.39137,2254.83746,1.60957,1400.89191,402.48407,4.46008
AUDIT,23 3,23 3,1.0,D,31.0,PART,32.91364,2386.27491,2404.34119,1.68758,1.70036,0.82485,0.88009,48.3,AUDIT,23 3,1.0,D,99.0,PART,2.28715,413.18,3.11437,400.65,4.6402,388.9,1.49687,372.8,11.5386,AUDIT,23 3,1.0,D,31.0,PART,1414.02078,21.17408,1.30622,1.01129,0.46961,0.89746,4.66682,1.28888,AUDIT,23 3,1.0,D,4.0,PART,0.01061,0.00124,0.00937,AUDIT,23 3,1.0,D,41.0,PART,52.81698,7.80393,7.65708,32.91364,0.0411,0.06448,93.72352,2404.34119,AUDIT,23 3,1.0,D,14.0,PART,0.12224,47.27566,18,AUDIT,23 3,1.0,D,49.0,PART,1.89114,0.82518,0.64495,0.71201,0.69519,0.64461,0.86341,,,AUDIT,23 3,1.0,D,49.0,PART,32.91364,2404.34119,1.70036,1414.02078,387.13781,6.27648
AUDIT,23 3,23 3,1.0,D,38.0,PART,34.62198,2550.67869,2505.70365,1.81259,1.78063,0.85106,0.89069,49,AUDIT,23 3,1.0,D,76.0,PART,1.20695,415.11,3.47794,407.43,4.0038,396.17,2.19786,389.66,10.88654,AUDIT,23 3,1.0,D,38.0,PART,1407.19854,20.57981,1.30343,0.98587,0.46808,0.94151,,1.58329,AUDIT,23 3,1.0,D,99.0,PART,0.70908,0.56501,0.14406,AUDIT,23 3,1.0,D,49.0,PART,53.17661,7.18075,7.30582,34.62198,0.05665,0.12623,95.55019,2505.70365,AUDIT,23 3,1.0,D,81.0,PART,0.23963,51.57899,19,AUDIT,23 3,1.0,D,15.0,PART,1.98409,0.51865,0.4102,0.37356,0.36192,0.38655,0.41483,,,AUDIT,23 3,1.0,D,75.0,PART,34.62198,2505.70365,1.78063,1407.19854,388.87276,4.44981
AUDIT,23 3,23 3,1.0,D,49.0,PART,33.60436,2459.65084,2488.79944,1.71636,1.7367,0.9,0.93569,49.06,AUDIT,23 3,1.0,D,55.0,PART,1.32951,436.67,2.97494,411.62,3.7651,394.2863,4.03932,370.6244,12.10886,AUDIT,23 3,1.0,D,49.0,PART,1433.0601,19.2139,1.24551,0.96563,0.4104,0.86153,1.33434,2.38069,AUDIT,23 3,1.0,D,40.0,PART,0.16223,0.11762,0.04461,AUDIT,23 3,1.0,D,48.0,PART,53.09427,6.56302,8.08831,33.60436,0.06343,0.12927,96.18618,2488.79944,AUDIT,23 3,1.0,D,27.0,PART,0.24448,47.45353,23,AUDIT,23 3,1.0,D,6.0,PART,1.50548,0.27001,0.30703,0.23554,0.34294,0.47906,0.67375,,,AUDIT,23 3,1.0,D,60.0,PART,33.60436,2488.79944,1.7367,1433.0601,386.99038,3.81382
AUDIT,23 3,23 3,1.0,D,54.0,PART,33.51857,2453.13523,2522.8561,1.75119,1.80096,0.95312,1.03254,49.63,AUDIT,23 3,1.0,D,25.0,PART,1.44076,409.02,2.99541,390.62,2.28941,382.98,6.27059,368.05,12.99617,AUDIT,23 3,1.0,D,54.0,PART,1400.83757,20.67485,1.32582,0.97324,0.45285,0.98066,,1.38161,AUDIT,23 3,1.0,D,86.0,PART,0.37738,0.35998,0.0174,AUDIT,23 3,1.0,D,89.0,PART,56.30953,8.32779,9.93224,33.51857,0.15,0.11757,92.30827,2522.8561,AUDIT,23 3,1.0,D,35.0,PART,0.21002,46.22924,30,AUDIT,23 3,1.0,D,69.0,PART,2.60672,0.63228,0.7265,0.73445,0.95397,1.22457,0.81324,,,AUDIT,23 3,1.0,D,59.0,PART,33.51857,2522.8561,1.80096,1400.83757,372.22952,7.69173
AUDIT,23 3,23 3,1.0,D,3.0,PART,33.67577,2482.74372,2480.5932,1.78212,1.78058,0.85,0.92943,49.68,AUDIT,23 3,1.0,D,89.0,PART,1.15004,400.7,3.39952,390.98,6.03563,373.42,0.91782,366.19,11.503,AUDIT,23 3,1.0,D,3.0,PART,1393.14157,19.59509,1.21779,0.9256,0.40083,0.6992,3.08148,1.82882,AUDIT,23 3,1.0,D,46.0,PART,0.21251,0.1219,0.09062,AUDIT,23 3,1.0,D,35.0,PART,52.33237,7.18724,7.2096,33.67577,0.11691,0.11352,91.45376,2480.5932,AUDIT,23 3,1.0,D,52.0,PART,0.21787,49.80203,21.6,AUDIT,23 3,1.0,D,76.0,PART,3.71632,0.40407,0.40775,0.35464,0.52494,1.19127,1.14577,0.80148,,AUDIT,23 3,1.0,D,63.0,PART,33.67577,2480.5932,1.78058,1393.14157,378.25727,8.54624
AUDIT,23 3,23 3,1.0,D,56.0,PART,32.15218,2463.45941,2467.2477,1.7507,1.75339,1.00014,1.0637,50.1,AUDIT,23 3,1.0,D,56.0,PART,0.99619,381.99,3.30612,383.24,3.58448,376.03,3.67862,362.63,11.56542,AUDIT,23 3,1.0,D,56.0,PART,1407.12786,20.62493,1.25163,0.89592,0.66482,1.10107,3.43751,1.2463,AUDIT,23 3,1.0,D,56.0,PART,0.24024,0.18443,0.0558,AUDIT,23 3,1.0,D,62.0,PART,53.78725,8.26464,7.78984,32.15218,0.1237,0.09173,94.02459,2467.2477,AUDIT,23 3,1.0,D,32.0,PART,0.17124,49.88123,20,AUDIT,23 3,1.0,D,37.0,PART,1.72758,0.54501,0.59339,0.44011,0.61547,0.8187,1.10396,0.13119,,AUDIT,23 3,1.0,D,39.0,PART,32.15218,2467.2477,1.75339,1407.12786,366.74254,5.97541
AUDIT,23 3,23 3,1.0,D,70.0,PART,33.32502,2532.68918,2493.111,1.81279,1.78446,0.87685,0.96586,50.13,AUDIT,23 3,1.0,D,88.0,PART,1.47021,384.55,3.78682,377.96,3.38536,367.82,2.07502,365.26,10.71741,AUDIT,23 3,1.0,D,70.0,PART,1397.12087,20.524,1.32138,1.0087,0.46173,0.96376,,0.79001,AUDIT,23 3,1.0,D,103.0,PART,0.80238,0.22399,0.57839,AUDIT,23 3,1.0,D,90.0,PART,56.47143,9.77588,8.03628,33.32502,0.11144,0.13046,90.78424,2493.111,AUDIT,23 3,1.0,D,85.0,PART,0.23341,52.45478,19,AUDIT,23 3,1.0,D,80.0,PART,3.35258,0.63355,0.63729,0.70261,0.6792,0.54687,0.99282,1.67086,,AUDIT,23 3,1.0,D,53.0,PART,33.32502,2493.111,1.78446,1397.12087,373.5019,9.21576
AUDIT,23 3,23 3,1.0,D,101.0,PART,35.43452,2764.1253,2733.12459,1.98707,1.96479,0.87495,0.93774,51,AUDIT,23 3,1.0,D,35.0,PART,1.65368,400.88,2.15105,385.14,3.26311,368.26,5.17581,357.57,12.24364,AUDIT,23 3,1.0,D,101.0,PART,1391.05481,20.41708,1.31708,0.97395,0.29773,0.75935,,1.13899,AUDIT,23 3,1.0,D,51.0,PART,0.22021,0.12296,0.09725,AUDIT,23 3,1.0,D,59.0,PART,53.63819,5.32045,7.70059,35.43452,0.09784,0.19234,93.30402,2733.12459,AUDIT,23 3,1.0,D,103.0,PART,0.36067,52.67818,27,AUDIT,23 3,1.0,D,80.0,PART,3.35258,0.63355,0.63729,0.70261,0.6792,0.54687,0.99282,1.67086,,AUDIT,23 3,1.0,D,90.0,PART,35.43452,2733.12459,1.96479,1391.05481,360.69605,6.69599
AUDIT,23 3,23 3,1.0,D,62.0,PART,32.04349,2542.99918,2533.87979,1.82702,1.82047,0.8942,0.95029,51.37,AUDIT,23 3,1.0,D,96.0,PART,1.2532,374.85,3.4824,366.11,6.99986,346.12,,,11.73546,AUDIT,23 3,1.0,D,62.0,PART,1391.88081,20.96455,1.27216,0.97377,0.50804,0.95353,1.30112,0.52644,AUDIT,23 3,1.0,D,39.0,PART,0.16224,0.12677,0.03546,AUDIT,23 3,1.0,D,30.0,PART,51.95871,7.43292,7.85402,32.04349,0.05997,0.09072,94.09761,2533.87979,AUDIT,23 3,1.0,D,73.0,PART,0.1752,51.89691,16,AUDIT,23 3,1.0,D,33.0,PART,1.66724,0.45395,0.58069,0.5689,0.57947,0.67915,0.92493,0.44808,,AUDIT,23 3,1.0,D,36.0,PART,32.04349,2533.87979,1.82047,1391.88081,352.03503,5.90239
AUDIT,23 3,23 3,1.0,D,68.0,PART,34.61736,2547.67011,2526.17531,1.82493,1.80953,0.9169,0.99148,51.71,AUDIT,23 3,1.0,D,60.0,PART,1.50997,401.21,4.64671,390.63,,,5.24648,379.96,11.40316,AUDIT,23 3,1.0,D,68.0,PART,1396.03959,21.11297,1.30448,0.98227,0.27374,0.75495,,1.89003,AUDIT,23 3,1.0,D,81.0,PART,0.33638,0.08718,0.2492,AUDIT,23 3,1.0,D,100.0,PART,59.00239,10.33344,8.36177,34.61736,,0.1127,92.47809,2526.17531,AUDIT,23 3,1.0,D,80.0,PART,0.19202,52.98154,17,AUDIT,23 3,1.0,D,66.0,PART,2.30384,0.78159,1.16118,0.88511,0.58006,0.54833,0.98135,0.28046,,AUDIT,23 3,1.0,D,74.0,PART,34.61736,2526.17531,1.80953,1396.03959,382.61166,7.52191
AUDIT,23 3,23 3,1.0,D,97.0,PART,33.90055,2667.52335,2642.90074,1.91909,1.90137,0.87704,0.97408,52.8,AUDIT,23 3,1.0,D,7.0,PART,1.09079,370.98,1.07293,362.39,3.22363,359.86,6.32759,348.06447,11.71493,AUDIT,23 3,1.0,D,97.0,PART,1389.99744,20.8988,1.26386,0.94421,0.50827,0.94155,2.54013,0.61212,AUDIT,23 3,1.0,D,98.0,PART,0.66523,0.40027,0.26496,AUDIT,23 3,1.0,D,72.0,PART,54.87551,7.89567,7.55644,33.90055,0.06324,0.12857,90.03774,2642.90074,AUDIT,23 3,1.0,D,102.0,PART,0.23639,54.22352,14,AUDIT,23 3,1.0,D,83.0,PART,1.0005,0.76152,0.77533,2.3255,1.59247,1.50595,2.001,,,AUDIT,23 3,1.0,D,67.0,PART,33.90055,2642.90074,1.90137,1389.99744,356.59063,9.96226
AUDIT,23 3,23 3,1.0,D,25.0,PART,32.56502,2508.44886,2572.26331,1.7682,1.81318,0.92,0.98683,53,AUDIT,23 3,1.0,D,67.0,PART,1.87516,402.4101,3.25431,372.3826,4.30064,357.1774,3.85034,347.6665,13.28044,AUDIT,23 3,1.0,D,25.0,PART,1418.64536,20.00266,1.25312,0.92365,0.39238,0.78924,,0.93326,AUDIT,23 3,1.0,D,29.0,PART,0.11339,0.10417,0.00923,AUDIT,23 3,1.0,D,44.0,PART,52.90302,6.51392,9.1526,32.56502,0.09,0.10209,93.22762,2572.26331,AUDIT,23 3,1.0,D,58.0,PART,0.19357,49.38824,23.22,AUDIT,23 3,1.0,D,83.0,PART,1.0005,0.76152,0.77533,2.3255,1.59247,1.50595,2.001,,,AUDIT,23 3,1.0,D,48.0,PART,32.56502,2572.26331,1.81318,1418.64536,359.20285,6.77238
AUDIT,23 3,23 3,1.0,D,45.0,PART,33.85457,2491.29998,2623.86445,1.74874,1.84179,0.86895,0.91381,53.43,AUDIT,23 3,1.0,D,51.0,PART,1.63534,402.9436,2.9098,382.1414,4.28868,371.6164,4.66889,349.5242,13.50271,AUDIT,23 3,1.0,D,45.0,PART,1424.62753,20.0255,1.19057,0.92112,0.42939,0.78684,2.21837,1.07043,AUDIT,23 3,1.0,D,17.0,PART,0.06963,0.01523,0.0544,AUDIT,23 3,1.0,D,27.0,PART,51.75827,6.12073,7.31486,33.85457,0.06829,0.04911,95.09054,2623.86445,AUDIT,23 3,1.0,D,33.0,PART,0.09502,48.04113,24,AUDIT,23 3,1.0,D,24.0,PART,1.60075,0.4552,0.56105,0.43295,0.40008,0.40708,0.38828,0.66406,,AUDIT,23 3,1.0,D,65.0,PART,33.85457,2623.86445,1.84179,1424.62753,367.62682,4.90946
AUDIT,23 3,23 3,1.0,D,13.0,PART,31.57892,2401.76946,2507.62479,1.69904,1.77393,0.9057,0.96344,53.71,AUDIT,23 3,1.0,D,13.0,PART,1.0717,392.66,2.3298,370.43987,2.28544,363.42,6.85018,347.78095,12.53712,AUDIT,23 3,1.0,D,13.0,PART,1413.6003,20.29826,1.26175,0.97237,0.43944,0.83512,2.4661,0.75154,AUDIT,23 3,1.0,D,57.0,PART,0.25878,0.24324,0.01554,AUDIT,23 3,1.0,D,14.0,PART,50.53398,7.29,6.09,31.57892,0.00258,0.06218,94.00686,2507.62479,AUDIT,23 3,1.0,D,16.0,PART,0.12352,49.42653,23,AUDIT,23 3,1.0,D,38.0,PART,1.81024,0.75375,0.81982,0.63978,0.46604,0.5311,0.53153,0.44087,,AUDIT,23 3,1.0,D,31.0,PART,31.57892,2507.62479,1.77393,1413.6003,356.03387,5.99314
AUDIT,23 3,23 3,1.0,D,95.0,PART,36.65674,2536.53646,2651.58939,1.7843,1.86524,1.17404,1.37806,54,AUDIT,23 3,1.0,D,63.0,PART,2.12578,405.72,3.03785,401.27,5.32511,396.99,4.99612,375.40563,15.48485,AUDIT,23 3,1.0,D,95.0,PART,1421.58353,20.47763,1.24438,0.95333,0.42952,0.765,,1.6824,AUDIT,23 3,1.0,D,13.0,PART,0.04033,0.02357,0.01676,AUDIT,23 3,1.0,D,81.0,PART,55.77504,6.02712,6.99627,36.65674,0.01764,0.04817,85.19521,2651.58939,AUDIT,23 3,1.0,D,89.0,PART,0.08648,46.96507,18,AUDIT,23 3,1.0,D,87.0,PART,1.04695,0.53606,0.37158,0.34193,8.44819,0.65699,1.15274,2.25035,,AUDIT,23 3,1.0,D,100.0,PART,36.65674,2651.58939,1.86524,1421.58353,393.05189,14.80479
AUDIT,23 3,23 3,1.0,D,104.0,PART,36.11001,2813.59042,2880.76821,1.88953,1.93465,0.864,0.96282,55.7,AUDIT,23 3,1.0,D,38.0,PART,1.25006,396.5443,3.20832,391.7032,4.38514,382.3046,5.10332,378.2868,13.94683,AUDIT,23 3,1.0,D,104.0,PART,1489.03989,18.19238,1.15544,0.85142,0.38936,0.67122,2.79191,3.54265,AUDIT,23 3,1.0,D,77.0,PART,0.30582,0.12121,0.1846,AUDIT,23 3,1.0,D,71.0,PART,54.81516,7.32614,7.2165,36.11001,0.01816,0.08131,89.73677,2880.76821,AUDIT,23 3,1.0,D,104.0,PART,0.14902,52.12262,15,AUDIT,23 3,1.0,D,85.0,PART,2.64137,1.04422,0.84225,1.11473,1.34735,2.18616,1.08715,,,AUDIT,23 3,1.0,D,94.0,PART,36.11001,2880.76821,1.93465,1489.03989,373.29797,10.26323
AUDIT,23 3,23 3,1.0,D,14.0,PART,33.45993,2367.44491,2486.32129,1.65755,1.74078,1.00165,1.07078,55.9,AUDIT,23 3,1.0,D,65.0,PART,2.35382,417.82,2.88001,402.29,5.31584,395.87,4.91449,379.21,15.46415,AUDIT,23 3,1.0,D,14.0,PART,1428.28074,20.96623,1.27179,0.97595,0.42939,0.73397,2.58307,1.63183,AUDIT,23 3,1.0,D,23.0,PART,0.09283,0.04559,0.04724,AUDIT,23 3,1.0,D,17.0,PART,50.63859,6.10138,6.97406,33.45993,0.01064,0.06682,93.54341,2486.32129,AUDIT,23 3,1.0,D,9.0,PART,0.13226,48.01595,17,AUDIT,23 3,1.0,D,52.0,PART,1.46672,0.59002,0.44373,0.38382,0.49383,0.87285,1.02844,1.1772,,AUDIT,23 3,1.0,D,57.0,PART,33.45993,2486.32129,1.74078,1428.28074,384.42478,6.45659
AUDIT,23 3,23 3,1.0,D,12.0,PART,34.19551,2487.74279,2641.62184,1.74795,1.85607,1.08,1.14964,56,AUDIT,23 3,1.0,D,46.0,PART,1.20958,405.94,2.9155,392.99,7.214,377.26,4.40859,372.87,15.74767,AUDIT,23 3,1.0,D,12.0,PART,1423.23141,18.97507,1.18038,0.9015,0.35137,0.60557,3.5675,1.09366,AUDIT,23 3,1.0,D,35.0,PART,0.1569,0.12846,0.02844,AUDIT,23 3,1.0,D,2.0,PART,48.64641,5.45737,5.85726,34.19551,0.00089,0.07975,93.94276,2641.62184,AUDIT,23 3,1.0,D,41.0,PART,0.16448,47.44832,23,AUDIT,23 3,1.0,D,40.0,PART,1.87265,0.50085,0.42872,0.40263,0.44188,0.50179,0.76673,1.14199,,AUDIT,23 3,1.0,D,68.0,PART,34.19551,2641.62184,1.85607,1423.23141,368.47157,6.05724
AUDIT,23 3,23 3,1.0,D,23.0,PART,33.04717,2437.46609,2582.19035,1.70472,1.80594,0.94603,1.00508,56.3,AUDIT,23 3,1.0,D,10.0,PART,1.46286,386.49,4.07709,370.58,,,9.71285,361.49,15.2528,AUDIT,23 3,1.0,D,23.0,PART,1429.83361,20.39643,1.24188,0.91817,0.47123,0.88783,2.77014,1.15495,AUDIT,23 3,1.0,D,60.0,PART,0.26121,0.09106,0.17015,AUDIT,23 3,1.0,D,39.0,PART,52.77958,6.03562,7.99081,33.04717,0.00578,0.09809,94.12492,2582.19035,AUDIT,23 3,1.0,D,22.0,PART,0.18667,47.99946,18.1,AUDIT,23 3,1.0,D,32.0,PART,2.32397,0.4081,0.39127,0.42984,0.52651,0.46254,0.6854,0.54333,0.10413,AUDIT,23 3,1.0,D,51.0,PART,33.04717,2582.19035,1.80594,1429.83361,365.9835,5.87508
AUDIT,23 3,23 3,1.0,D,20.0,PART,33.80082,2472.96529,2614.28832,1.73015,1.82902,0.94384,1.00839,56.5,AUDIT,23 3,1.0,D,5.0,PART,1.50626,393.36,3.23298,390.9,,,10.48736,362.1,15.2266,AUDIT,23 3,1.0,D,20.0,PART,1429.33897,19.4138,1.15394,0.88175,0.43833,0.88117,2.17311,0.99945,AUDIT,23 3,1.0,D,53.0,PART,0.23411,0.17669,0.05742,AUDIT,23 3,1.0,D,43.0,PART,52.8472,6.62204,7.7398,33.80082,,0.09511,93.59821,2614.28832,AUDIT,23 3,1.0,D,37.0,PART,0.18072,48.44645,21.1,AUDIT,23 3,1.0,D,50.0,PART,1.63301,0.48089,0.53098,0.59109,0.541,0.90166,0.90166,0.82151,,AUDIT,23 3,1.0,D,64.0,PART,33.80082,2614.28832,1.82902,1429.33897,369.60599,6.40179
AUDIT,23 3,23 3,1.0,D,6.0,PART,33.87718,2355.63925,2551.72349,1.68299,1.82308,1.01,1.06068,57.1,AUDIT,23 3,1.0,D,47.0,PART,1.05251,407.92,3.00935,394.15,8.62596,373.92,4.12284,373.8,16.81066,AUDIT,23 3,1.0,D,6.0,PART,1399.67691,20.51222,1.24397,0.94985,0.36658,0.68646,1.22626,0.85756,AUDIT,23 3,1.0,D,27.0,PART,0.10891,0.01719,0.09172,AUDIT,23 3,1.0,D,45.0,PART,52.96776,5.70189,8.08574,33.87718,0.07714,0.16461,95.22161,2551.72349,AUDIT,23 3,1.0,D,6.0,PART,0.31207,45.88866,16,AUDIT,23 3,1.0,D,20.0,PART,1.16881,0.699,0.33231,0.27502,0.29793,0.36669,0.56149,0.72192,0.35523,AUDIT,23 3,1.0,D,66.0,PART,33.87718,2551.72349,1.82308,1399.67691,371.64771,4.77839
AUDIT,23 3,23 3,1.0,D,86.0,PART,35.62823,2618.27061,2720.27178,1.8501,1.92218,1.02642,1.11637,57.43,AUDIT,23 3,1.0,D,9.0,PART,1.52217,395.9828,4.23776,381.7597,,,10.36658,358.2372,16.12651,AUDIT,23 3,1.0,D,86.0,PART,1415.20489,20.42864,1.2016,0.89113,0.47256,0.89736,3.33272,0.92806,AUDIT,23 3,1.0,D,102.0,PART,0.81804,0.08186,0.73618,AUDIT,23 3,1.0,D,76.0,PART,55.25728,6.62715,7.88955,35.62823,,0.15227,91.94286,2720.27178,AUDIT,23 3,1.0,D,97.0,PART,0.27859,50.78824,18.19,AUDIT,23 3,1.0,D,72.0,PART,1.43966,0.37336,0.46488,0.4505,0.50921,1.59551,1.61728,1.08206,0.52468,AUDIT,23 3,1.0,D,91.0,PART,35.62823,2720.27178,1.92218,1415.20489,370.70744,8.05714
AUDIT,23 3,23 3,1.0,D,88.0,PART,37.50431,2492.12496,2636.75819,1.74334,1.84452,1.1466,1.26672,58.31,AUDIT,23 3,1.0,D,53.0,PART,2.11334,407.17,3.07146,405.42,5.76956,396.57,5.49249,393.73039,16.44685,AUDIT,23 3,1.0,D,88.0,PART,1429.51076,20.21368,1.26156,0.96512,0.41768,0.78197,,1.84756,AUDIT,23 3,1.0,D,52.0,PART,0.21121,0.05164,0.15957,AUDIT,23 3,1.0,D,94.0,PART,56.81895,5.88165,7.77967,37.50431,,0.14046,90.51725,2636.75819,AUDIT,23 3,1.0,D,62.0,PART,0.24835,49.09296,24,AUDIT,23 3,1.0,D,81.0,PART,1.63963,0.43415,0.38381,0.20189,0.52644,1.26688,1.40898,1.31895,2.30204,AUDIT,23 3,1.0,D,104.0,PART,37.50431,2636.75819,1.84452,1429.51076,406.657,9.48275
AUDIT,23 3,23 3,1.0,D,40.0,PART,33.61558,2430.34689,2580.97709,1.69831,1.80357,1.03813,1.10146,58.49,AUDIT,23 3,1.0,D,43.0,PART,2.31647,406.69,2.84326,390.43,5.19245,380.35,6.46063,364.39,16.8128,AUDIT,23 3,1.0,D,40.0,PART,1431.03739,20.95044,1.2739,0.95546,0.41693,0.78881,3.54907,1.29316,AUDIT,23 3,1.0,D,22.0,PART,0.08961,0.0725,0.01711,AUDIT,23 3,1.0,D,20.0,PART,51.03425,5.83828,7.3822,33.61558,0.04158,0.05956,94.24991,2580.97709,AUDIT,23 3,1.0,D,17.0,PART,0.11696,48.76273,30,AUDIT,23 3,1.0,D,31.0,PART,1.27746,0.41884,0.37637,0.33088,0.46338,0.54643,0.83371,1.01491,0.48811,AUDIT,23 3,1.0,D,62.0,PART,33.61558,2580.97709,1.80357,1431.03739,372.767,5.75009
AUDIT,23 3,23 3,1.0,D,34.0,PART,34.3763,2472.09424,2673.00822,1.73271,1.87353,1.05785,1.16269,58.51,AUDIT,23 3,1.0,D,50.0,PART,1.75942,402.7435,4.26848,382.6661,6.57577,372.9156,5.77627,350.1334,18.37994,AUDIT,23 3,1.0,D,34.0,PART,1426.7203,19.95099,1.175,0.91023,0.42257,0.78065,2.30502,1.14226,AUDIT,23 3,1.0,D,19.0,PART,0.07365,0.00611,0.06755,AUDIT,23 3,1.0,D,25.0,PART,51.55619,4.89025,7.72463,34.3763,0.07908,0.10905,90.98249,2673.00822,AUDIT,23 3,1.0,D,46.0,PART,0.21213,46.55188,24,AUDIT,23 3,1.0,D,79.0,PART,1.55869,0.67833,1.05603,0.85965,0.64019,0.73855,1.08084,1.11691,1.28834,AUDIT,23 3,1.0,D,70.0,PART,34.3763,2673.00822,1.87353,1426.7203,366.96754,9.01752
AUDIT,23 3,23 3,1.0,D,2.0,PART,32.50862,2429.58983,2603.68074,1.70437,1.8265,1.15,1.24844,59,AUDIT,23 3,1.0,D,26.0,PART,0.90116,402.47,4.63278,383.59412,4.84871,370.37,6.93822,357.79,17.32086,AUDIT,23 3,1.0,D,2.0,PART,1425.50563,19.76564,1.22719,0.9085,0.35568,0.73986,,0.9399,AUDIT,23 3,1.0,D,90.0,PART,0.56771,0.40741,0.1603,AUDIT,23 3,1.0,D,19.0,PART,50.86554,5.57156,8.41766,32.50862,0.15,0.04664,92.11508,2603.68074,AUDIT,23 3,1.0,D,29.0,PART,0.0923,48.02358,23,AUDIT,23 3,1.0,D,79.0,PART,1.55869,0.67833,1.05603,0.85965,0.64019,0.73855,1.08084,1.11691,1.28834,AUDIT,23 3,1.0,D,46.0,PART,32.50862,2603.68074,1.8265,1425.50563,355.96699,7.88492
AUDIT,23 3,23 3,1.0,D,4.0,PART,35.13908,2426.93085,2585.59055,1.70355,1.81492,0.95018,1.01182,59.05,AUDIT,23 3,1.0,D,15.0,PART,1.1928,420.59,2.92143,404.82,4.0784,391.23,7.44649,374.56,15.63912,AUDIT,23 3,1.0,D,4.0,PART,1424.62928,19.07079,1.10526,0.88554,0.58769,0.88807,2.68976,2.54317,AUDIT,23 3,1.0,D,54.0,PART,0.24832,0.20494,0.04338,AUDIT,23 3,1.0,D,26.0,PART,51.62251,5.54905,7.05445,35.13908,,0.05485,93.90763,2585.59055,AUDIT,23 3,1.0,D,20.0,PART,0.10663,49.58887,12,AUDIT,23 3,1.0,D,79.0,PART,1.55869,0.67833,1.05603,0.85965,0.64019,0.73855,1.08084,1.11691,1.28834,AUDIT,23 3,1.0,D,85.0,PART,35.13908,2585.59055,1.81492,1424.62928,387.22419,6.09237
AUDIT,23 3,23 3,1.0,D,44.0,PART,34.78116,2500.80669,2711.66109,1.75829,1.90654,1.04518,1.11476,59.15,AUDIT,23 3,1.0,D,59.0,PART,1.56938,401.9753,4.24257,382.6432,6.72808,371.4452,5.0273,355.2256,17.56732,AUDIT,23 3,1.0,D,44.0,PART,1422.29318,20.30508,1.17009,0.9019,0.42561,0.80765,3.79428,0.74454,AUDIT,23 3,1.0,D,8.0,PART,0.03297,0.01881,0.01416,AUDIT,23 3,1.0,D,34.0,PART,52.22135,5.72135,7.38208,34.78116,0.02226,0.11463,93.75857,2711.66109,AUDIT,23 3,1.0,D,49.0,PART,0.22007,47.41046,24,AUDIT,23 3,1.0,D,47.0,PART,1.2994,0.71158,0.70647,0.62776,0.52844,0.53775,0.53438,0.54049,0.75517,AUDIT,23 3,1.0,D,78.0,PART,34.78116,2711.66109,1.90654,1422.29318,364.86129,6.24143
AUDIT,23 3,23 3,1.0,D,33.0,PART,33.48055,2505.92137,2704.99846,1.74983,1.88885,0.93624,1.01337,59.2,AUDIT,23 3,1.0,D,11.0,PART,1.0897,388.29,3.02905,372.25,3.95522,361.8132,8.98659,347.6204,17.06056,AUDIT,23 3,1.0,D,33.0,PART,1432.09129,18.69352,1.15523,0.89252,0.3902,0.79426,1.79981,1.19729,AUDIT,23 3,1.0,D,25.0,PART,0.107,0.05866,0.04834,AUDIT,23 3,1.0,D,29.0,PART,51.83234,5.20678,8.83868,33.48055,0.01,0.15834,92.38923,2704.99846,AUDIT,23 3,1.0,D,60.0,PART,0.30676,48.01594,23,AUDIT,23 3,1.0,D,68.0,PART,2.82399,0.61922,0.5433,0.31322,0.28287,0.70529,0.94015,0.7716,0.61113,AUDIT,23 3,1.0,D,58.0,PART,33.48055,2704.99846,1.88885,1432.09129,354.50814,7.61077
AUDIT,23 3,23 3,1.0,D,58.0,PART,34.43795,2509.09291,2723.57401,1.74331,1.89234,1.08,1.14849,59.37,AUDIT,23 3,1.0,D,28.0,PART,1.30323,403.95,4.13782,379.1726,4.96459,367.28,7.15093,354.61,17.55657,AUDIT,23 3,1.0,D,58.0,PART,1439.26597,19.43638,1.20285,0.96556,0.40905,0.81031,4.18738,1.53455,AUDIT,23 3,1.0,D,44.0,PART,0.19575,0.08574,0.11,AUDIT,23 3,1.0,D,24.0,PART,51.46566,5.89327,6.72148,34.43795,0.29269,0.0937,94.03675,2723.57401,AUDIT,23 3,1.0,D,56.0,PART,0.18276,47.44994,17,AUDIT,23 3,1.0,D,36.0,PART,1.94679,0.48487,0.3429,0.3552,0.35265,0.591,0.96952,0.59238,0.32795,AUDIT,23 3,1.0,D,71.0,PART,34.43795,2723.57401,1.89234,1439.26597,363.97298,5.96325
AUDIT,23 3,23 3,1.0,D,47.0,PART,34.55365,2480.43716,2643.14366,1.74946,1.86422,0.98546,1.05006,59.57,AUDIT,23 3,1.0,D,52.0,PART,2.26151,412.6,2.85332,391.39,5.12826,383.46,5.68819,366.21881,15.93128,AUDIT,23 3,1.0,D,47.0,PART,1417.82789,20.73985,1.30477,0.97649,0.41153,0.70969,3.06486,0.96053,AUDIT,23 3,1.0,D,32.0,PART,0.13801,0.0915,0.04651,AUDIT,23 3,1.0,D,13.0,PART,50.37773,4.8581,7.38115,34.55365,,0.07073,93.84853,2643.14366,AUDIT,23 3,1.0,D,36.0,PART,0.1408,49.99789,19,AUDIT,23 3,1.0,D,43.0,PART,1.0321,0.34579,0.42082,0.41812,0.42773,0.68031,0.86296,0.98542,0.97822,AUDIT,23 3,1.0,D,73.0,PART,34.55365,2643.14366,1.86422,1417.82789,370.70349,6.15147
AUDIT,23 3,23 3,1.0,D,9.0,PART,35.37925,2430.28221,2619.50282,1.70855,1.84157,1.00149,1.06743,60.1,AUDIT,23 3,1.0,D,16.0,PART,1.00568,421.59,3.42897,401.48941,4.57116,397.54,7.60757,375.1491,16.61339,AUDIT,23 3,1.0,D,9.0,PART,1422.42596,20.61124,1.20015,0.98353,0.40505,0.81286,3.86668,1.02434,AUDIT,23 3,1.0,D,21.0,PART,0.07994,0.06996,0.00998,AUDIT,23 3,1.0,D,50.0,PART,53.2436,5.26,7.46806,35.37925,,0.06926,93.8219,2619.50282,AUDIT,23 3,1.0,D,19.0,PART,0.13035,48.93147,39,AUDIT,23 3,1.0,D,46.0,PART,2.25341,0.43973,0.37247,0.45522,0.33116,0.46582,0.47574,0.54749,0.83706,AUDIT,23 3,1.0,D,89.0,PART,35.37925,2619.50282,1.84157,1422.42596,384.22835,6.1781
AUDIT,23 3,23 3,1.0,D,60.0,PART,33.32581,2506.6236,2638.13294,1.77318,1.86621,1.1015,1.21713,60.33,AUDIT,23 3,1.0,D,17.0,PART,1.13366,392.66,2.80061,369.86069,5.27325,363.42,7.29993,348.13163,16.50744,AUDIT,23 3,1.0,D,60.0,PART,1413.63369,20.37655,1.26803,0.97737,0.4396,0.83776,2.454,0.7947,AUDIT,23 3,1.0,D,70.0,PART,0.31489,0.29127,0.02362,AUDIT,23 3,1.0,D,22.0,PART,51.42609,5.91,6.68,33.32581,0.02792,0.04569,90.49992,2638.13294,AUDIT,23 3,1.0,D,67.0,PART,0.08922,51.52126,21,AUDIT,23 3,1.0,D,82.0,PART,1.59631,0.73284,0.81373,0.78413,0.77235,1.14087,1.41283,1.50907,0.73795,AUDIT,23 3,1.0,D,54.0,PART,33.32581,2638.13294,1.86621,1413.63369,357.15025,9.50008
AUDIT,23 3,23 3,1.0,D,19.0,PART,36.31896,2355.05415,2572.41505,1.65477,1.8075,0.9992,1.0679,60.6,AUDIT,23 3,1.0,D,41.0,PART,2.2246,422,3.08748,411.5,5.18425,403.44,6.57993,389,17.07626,AUDIT,23 3,1.0,D,19.0,PART,1423.1928,21.3008,1.30619,1.02103,0.46825,0.87142,4.49815,1.96007,AUDIT,23 3,1.0,D,15.0,PART,0.05671,0.00609,0.05062,AUDIT,23 3,1.0,D,55.0,PART,53.45055,4.95502,7.67372,36.31896,0.04191,0.0525,93.56736,2572.41505,AUDIT,23 3,1.0,D,5.0,PART,0.09837,47.64993,19,AUDIT,23 3,1.0,D,51.0,PART,0.86263,1.03486,0.65319,0.53743,0.50214,0.54477,0.73275,0.59998,0.9649,AUDIT,23 3,1.0,D,97.0,PART,36.31896,2572.41505,1.8075,1423.1928,401.87044,6.43264
AUDIT,23 3,23 3,1.0,D,24.0,PART,36.81807,2371.32111,2597.57616,1.67828,1.83841,0.99989,1.06482,60.8,AUDIT,23 3,1.0,D,37.0,PART,2.23958,417.48,3.06615,408.66,5.29601,400.34,6.96883,387.37,17.57057,AUDIT,23 3,1.0,D,24.0,PART,1412.94404,21.15061,1.30068,1.01135,0.47222,0.89447,4.29253,1.3212,AUDIT,23 3,1.0,D,45.0,PART,0.18678,0.07043,0.11634,AUDIT,23 3,1.0,D,73.0,PART,54.90347,5.05133,7.37408,36.81807,0.12216,0.00561,93.90192,2597.57616,AUDIT,23 3,1.0,D,10.0,PART,0.01024,47.45073,19,AUDIT,23 3,1.0,D,41.0,PART,1.12408,0.72481,0.57131,0.50938,0.42698,0.47265,0.55538,0.70619,1.00731,AUDIT,23 3,1.0,D,102.0,PART,36.81807,2597.57616,1.83841,1412.94404,400.54169,6.09809
AUDIT,23 3,23 3,1.0,D,17.0,PART,34.99648,2355.0391,2598.20215,1.64361,1.81332,1.00011,1.08218,61.2,AUDIT,23 3,1.0,D,36.0,PART,2.22435,404.37,3.09811,396.77,5.2426,386.98,7.12209,373.68,17.68715,AUDIT,23 3,1.0,D,17.0,PART,1432.84616,20.53333,1.26386,1.00214,0.47657,0.86655,3.22954,2.06784,AUDIT,23 3,1.0,D,58.0,PART,0.24883,0.01112,0.23771,AUDIT,23 3,1.0,D,42.0,PART,52.83782,5.28017,7.80776,34.99648,0.02056,0.05771,92.41634,2598.20215,AUDIT,23 3,1.0,D,11.0,PART,0.10961,46.8877,17,AUDIT,23 3,1.0,D,67.0,PART,1.34734,0.75193,0.70441,0.70088,0.66717,0.77505,0.75851,0.74358,1.1348,AUDIT,23 3,1.0,D,82.0,PART,34.99648,2598.20215,1.81332,1432.84616,385.99436,7.58367
AUDIT,23 3,23 3,1.0,D,74.0,PART,35.75752,2621.11106,2800.45016,1.86375,1.99127,1.04848,1.14367,61.32,AUDIT,23 3,1.0,D,2.0,PART,0.98555,387.64,1.08219,387.64,2.81607,372.87,12.21187,357.40266,17.09569,AUDIT,23 3,1.0,D,74.0,PART,1406.36748,19.95395,1.26612,0.94151,0.47297,0.9229,,0.50215,AUDIT,23 3,1.0,D,65.0,PART,0.28024,0.11652,0.16372,AUDIT,23 3,1.0,D,64.0,PART,53.94847,4.92731,7.83087,35.75752,,0.11691,91.67728,2800.45016,AUDIT,23 3,1.0,D,95.0,PART,0.21778,51.10925,25,AUDIT,23 3,1.0,D,73.0,PART,1.72092,0.47194,0.48663,0.44001,0.61006,1.05555,1.56195,1.14866,0.827,AUDIT,23 3,1.0,D,92.0,PART,35.75752,2800.45016,1.99127,1406.36748,359.14381,8.32272
AUDIT,23 3,23 3,1.0,D,46.0,PART,35.93816,2538.41737,2787.11577,1.78559,1.96053,1.04168,1.12186,61.62,AUDIT,23 3,1.0,D,45.0,PART,1.55442,403.7721,4.27101,393.9508,7.03435,378.06,5.97819,364.96,18.83797,AUDIT,23 3,1.0,D,46.0,PART,1421.61059,20.57042,1.1724,0.92606,0.41844,0.84018,3.93599,0.82716,AUDIT,23 3,1.0,D,10.0,PART,0.03514,0.01596,0.01918,AUDIT,23 3,1.0,D,54.0,PART,53.42802,5.51191,7.44036,35.93816,0.03283,0.06186,92.85238,2787.11577,AUDIT,23 3,1.0,D,71.0,PART,0.11596,47.79875,24,AUDIT,23 3,1.0,D,63.0,PART,1.36257,0.68277,0.79785,0.58547,0.53729,0.66247,0.69912,0.73479,1.08531,AUDIT,23 3,1.0,D,93.0,PART,35.93816,2787.11577,1.96053,1421.61059,366.61603,7.14762
AUDIT,23 3,23 3,1.0,D,35.0,PART,34.85428,2387.64219,2618.30334,1.66926,1.83053,0.99992,1.0566,61.8,AUDIT,23 3,1.0,D,30.0,PART,2.06957,397.86,3.09108,387.9,5.18808,378.07,7.32124,365.64,17.66996,AUDIT,23 3,1.0,D,35.0,PART,1430.3564,20.74697,1.25959,1.01345,0.47931,0.89417,4.66697,1.66665,AUDIT,23 3,1.0,D,11.0,PART,0.04014,0.00102,0.03912,AUDIT,23 3,1.0,D,16.0,PART,50.60442,4.58668,7.69631,34.85428,0.04056,0.05262,94.63599,2618.30334,AUDIT,23 3,1.0,D,13.0,PART,0.10413,48.09429,21,AUDIT,23 3,1.0,D,29.0,PART,1.55813,0.56789,0.43882,0.35211,0.33348,0.34633,0.40106,0.50081,0.86538,AUDIT,23 3,1.0,D,80.0,PART,34.85428,2618.30334,1.83053,1430.3564,380.81176,5.36401
AUDIT,23 3,23 3,1.0,D,41.0,PART,34.33465,2469.69415,2668.75708,1.72246,1.86129,1.09369,1.16403,61.92,AUDIT,23 3,1.0,D,34.0,PART,1.50617,373.78,3.79564,361.83,5.26203,385.31,6.40171,357.44,16.96554,AUDIT,23 3,1.0,D,41.0,PART,1433.81855,20.69804,1.24419,0.95056,0.38408,0.85369,0.37785,1.76125,AUDIT,23 3,1.0,D,63.0,PART,0.29355,0.12035,0.17319,AUDIT,23 3,1.0,D,15.0,PART,50.57847,5.53844,6.20318,34.33465,,0.10272,93.95728,2668.75708,AUDIT,23 3,1.0,D,34.0,PART,0.20411,50.08257,26,AUDIT,23 3,1.0,D,39.0,PART,1.85934,0.56815,0.47468,0.38762,0.38212,0.40726,0.50032,0.67044,0.7928,AUDIT,23 3,1.0,D,69.0,PART,34.33465,2668.75708,1.86129,1433.81855,368.93318,6.04272
AUDIT,23 3,23 3,1.0,D,7.0,PART,34.85665,2427.67942,2696.31658,1.7027,1.89111,1.08,1.1804,62,AUDIT,23 3,1.0,D,29.0,PART,1.91562,412.82,3.41209,402.09,5.17268,393.2,7.28561,378.75,17.78601,AUDIT,23 3,1.0,D,7.0,PART,1425.78266,19.178,1.19511,0.91078,0.3569,0.60849,3.56648,1.08853,AUDIT,23 3,1.0,D,5.0,PART,0.01461,0.00417,0.01044,AUDIT,23 3,1.0,D,4.0,PART,49.07408,4.54141,6.29314,34.85665,0.00072,0.0911,91.49477,2696.31658,AUDIT,23 3,1.0,D,7.0,PART,0.14343,47.67192,19,AUDIT,23 3,1.0,D,27.0,PART,1.05338,0.5335,0.38611,0.42255,0.32568,0.33075,0.53603,0.63429,1.06469,AUDIT,23 3,1.0,D,81.0,PART,34.85665,2696.31658,1.89111,1425.78266,368.63627,8.50523
AUDIT,23 3,23 3,1.0,D,67.0,PART,35.16829,2551.07438,2778.4473,1.80466,1.9655,0.99453,1.05747,62.2,AUDIT,23 3,1.0,D,1.0,PART,1.01149,381.28,1.09928,380.08,2.94874,363.02,13.31683,345.1761,18.37633,AUDIT,23 3,1.0,D,67.0,PART,1413.60725,20.29308,1.19481,0.99358,0.49943,0.88714,1.20193,0.5,AUDIT,23 3,1.0,D,28.0,PART,0.11752,0.02608,0.09144,AUDIT,23 3,1.0,D,5.0,PART,49.39522,4.80597,6.07537,35.16829,,0.08717,94.04863,2778.4473,AUDIT,23 3,1.0,D,75.0,PART,0.177,49.27681,17,AUDIT,23 3,1.0,D,35.0,PART,1.11637,0.38986,0.35449,0.48627,0.47328,0.5808,0.81071,0.8946,0.84499,AUDIT,23 3,1.0,D,86.0,PART,35.16829,2778.4473,1.9655,1413.60725,357.8556,5.95137
AUDIT,23 3,23 3,1.0,D,69.0,PART,36.6506,2530.00745,2745.64048,1.78,1.93171,1.05357,1.13064,62.65,AUDIT,23 3,1.0,D,6.0,PART,1.51229,416.87,3.23447,397.61142,2.64771,390.52,10.41516,369.77266,17.80963,AUDIT,23 3,1.0,D,69.0,PART,1421.35488,20.19974,1.24011,0.97425,0.4125,0.80439,0.35595,1.21287,AUDIT,23 3,1.0,D,82.0,PART,0.36165,0.34768,0.01398,AUDIT,23 3,1.0,D,74.0,PART,54.97183,5.95,8.03405,36.6506,0.04345,0.06993,93.18293,2745.64048,AUDIT,23 3,1.0,D,74.0,PART,0.12783,50.10243,14,AUDIT,23 3,1.0,D,56.0,PART,1.75944,0.52813,0.4993,0.50923,0.4,0.52418,0.88937,0.81727,0.89016,AUDIT,23 3,1.0,D,99.0,PART,36.6506,2745.64048,1.93171,1421.35488,379.4634,6.81707
AUDIT,23 3,23 3,1.0,D,8.0,PART,34.65601,2440.22994,2655.34085,1.72769,1.87999,1.00213,1.06517,63.3,AUDIT,23 3,1.0,D,21.0,PART,1.21465,418.5,4.50565,398.38,4.17743,377.11,7.78266,359.87,17.68038,AUDIT,23 3,1.0,D,8.0,PART,1412.42689,18.97737,1.13048,0.93863,0.44502,0.82812,4.29904,1.71131,AUDIT,23 3,1.0,D,42.0,PART,0.18805,0.10004,0.08801,AUDIT,23 3,1.0,D,18.0,PART,50.64704,4.88,7.237,34.65601,0.08733,0.08111,94.082,2655.34085,AUDIT,23 3,1.0,D,23.0,PART,0.16072,50.26524,13,AUDIT,23 3,1.0,D,34.0,PART,2.14761,0.36442,0.4374,0.46955,0.32289,0.85597,0.63262,0.34445,0.34309,AUDIT,23 3,1.0,D,77.0,PART,34.65601,2655.34085,1.87999,1412.42689,368.68397,5.918
AUDIT,23 3,23 3,1.0,D,16.0,PART,34.48257,2451.4867,2658.10004,1.75775,1.90589,1.01977,1.10011,63.37,AUDIT,23 3,1.0,D,4.0,PART,1.0732,383.58,1.3856,383.58,2.87723,367.03,12.14953,352.32193,17.48555,AUDIT,23 3,1.0,D,16.0,PART,1394.67716,20.13481,1.24773,0.99216,0.47091,0.89039,1.30255,0.42132,AUDIT,23 3,1.0,D,73.0,PART,0.31667,0.10365,0.21302,AUDIT,23 3,1.0,D,31.0,PART,52.00547,5.24035,7.23574,34.48257,,0.10852,92.6969,2658.10004,AUDIT,23 3,1.0,D,31.0,PART,0.20976,50.79715,20,AUDIT,23 3,1.0,D,64.0,PART,1.95723,0.63015,0.44497,0.38216,0.53979,0.63135,0.94348,0.70379,1.07018,AUDIT,23 3,1.0,D,72.0,PART,34.48257,2658.10004,1.90589,1394.67716,361.85283,7.3031
AUDIT,23 3,23 3,1.0,D,21.0,PART,35.3243,2498.62026,2752.35012,1.7387,1.91526,1.08,1.17348,63.76,AUDIT,23 3,1.0,D,20.0,PART,1.33404,403.64,3.22269,389.09,6.26251,371.61,7.52238,370.13,18.34163,AUDIT,23 3,1.0,D,21.0,PART,1437.06271,19.23619,1.19595,0.92543,0.31224,0.57976,3.90054,1.37916,AUDIT,23 3,1.0,D,38.0,PART,0.15968,0.10325,0.05643,AUDIT,23 3,1.0,D,33.0,PART,52.13547,5.20684,6.83376,35.3243,,0.17845,92.03373,2752.35012,AUDIT,23 3,1.0,D,61.0,PART,0.34402,49.0437,16,AUDIT,23 3,1.0,D,71.0,PART,1.64168,0.42905,0.48906,0.38481,0.35356,0.34789,0.2634,0.11324,3.94359,AUDIT,23 3,1.0,D,88.0,PART,35.3243,2752.35012,1.91526,1437.06271,368.87197,7.96628
AUDIT,23 3,23 3,1.0,D,51.0,PART,34.65428,2567.06199,2805.32213,1.82314,1.99236,1.03627,1.13114,64,AUDIT,23 3,1.0,D,62.0,PART,1.27757,367.68,4.12661,344.58,9.40299,340.5,4.15184,359.83,18.95901,AUDIT,23 3,1.0,D,51.0,PART,1408.04337,21.22667,1.2813,0.91273,0.20005,0.69432,10.26989,0.21899,AUDIT,23 3,1.0,D,67.0,PART,0.27636,0.2256,0.05076,AUDIT,23 3,1.0,D,87.0,PART,56.10146,7.82041,8.13308,34.65428,,0.09669,91.61255,2805.32213,AUDIT,23 3,1.0,D,87.0,PART,0.17313,50.21267,27,AUDIT,23 3,1.0,D,74.0,PART,2.91005,0.72496,0.67904,0.47812,0.41379,0.45999,0.94301,1.13572,0.64278,AUDIT,23 3,1.0,D,76.0,PART,34.65428,2805.32213,1.99236,1408.04337,347.8725,8.38745
AUDIT,23 3,23 3,1.0,D,55.0,PART,34.82447,2540.27674,2750.90207,1.7685,1.91513,0.99861,1.04246,64.23,AUDIT,23 3,1.0,D,23.0,PART,1.24879,398.14,3.18566,382.27,6.47015,365.28,6.8178,359.91,17.72239,AUDIT,23 3,1.0,D,55.0,PART,1436.40569,19.58116,1.20494,0.93274,0.30411,0.53218,3.709,1.52694,AUDIT,23 3,1.0,D,76.0,PART,0.3235,0.08908,0.23442,AUDIT,23 3,1.0,D,21.0,PART,51.31799,5.44298,6.63082,34.82447,0.01345,0.11523,95.7938,2750.90207,AUDIT,23 3,1.0,D,70.0,PART,0.22576,51.65954,14,AUDIT,23 3,1.0,D,14.0,PART,1.36521,0.36197,0.26235,0.20154,0.215,0.29552,0.49838,0.48179,0.52445,AUDIT,23 3,1.0,D,79.0,PART,34.82447,2750.90207,1.91513,1436.40569,363.67752,4.2062
AUDIT,23 3,23 3,1.0,D,66.0,PART,36.59112,2611.69021,2849.30688,1.81334,1.97832,1.05,1.12761,64.8,AUDIT,23 3,1.0,D,19.0,PART,1.33424,407.37,3.0069,391.93,6.50814,375.43,7.67642,370.97,18.52571,AUDIT,23 3,1.0,D,66.0,PART,1440.26687,19.18419,1.18345,0.91313,0.31479,0.48723,4.03382,1.31518,AUDIT,23 3,1.0,D,33.0,PART,0.13766,0.09946,0.0382,AUDIT,23 3,1.0,D,36.0,PART,52.44993,4.55438,6.85879,36.59112,,0.21298,93.1172,2849.30688,AUDIT,23 3,1.0,D,94.0,PART,0.40828,51.11102,17,AUDIT,23 3,1.0,D,58.0,PART,1.60679,0.40887,0.42808,0.4083,0.35948,0.4051,0.63583,0.79465,1.8357,AUDIT,23 3,1.0,D,98.0,PART,36.59112,2849.30688,1.97832,1440.26687,369.92142,6.8828
AUDIT,23 3,23 3,1.0,D,100.0,PART,36.28093,2895.86838,3105.73256,2.01859,2.16488,1.05273,1.13351,65.83,AUDIT,23 3,1.0,D,27.0,PART,0.97164,375.66,4.18129,364.974,7.06578,350.546,6.84456,335.772,19.06327,AUDIT,23 3,1.0,D,100.0,PART,1434.60029,17.717,1.07864,0.84574,0.44837,0.83936,,0.50026,AUDIT,23 3,1.0,D,88.0,PART,0.44002,0.23998,0.20004,AUDIT,23 3,1.0,D,83.0,PART,55.84922,5.21992,7.03775,36.28093,,0.10876,92.87327,3105.73256,AUDIT,23 3,1.0,D,106.0,PART,0.19598,54.31527,20,AUDIT,23 3,1.0,D,62.0,PART,1.76452,0.65221,0.51729,0.34219,0.36663,0.57263,1.02569,0.84325,1.04231,AUDIT,23 3,1.0,D,96.0,PART,36.28093,3105.73256,2.16488,1434.60029,335.17778,7.12673
AUDIT,23 3,23 3,1.0,D,89.0,PART,36.78898,2664.40777,2898.32268,1.88521,2.05072,1.0354,1.11396,66.51,AUDIT,23 3,1.0,D,3.0,PART,0.99682,382.062,1.47555,379.43,3.17723,371.148,13.41977,357.54212,19.06937,AUDIT,23 3,1.0,D,89.0,PART,1413.32021,20.57119,1.25302,0.97919,0.475,0.90873,0.72533,0.41411,AUDIT,23 3,1.0,D,84.0,PART,0.36345,0.12853,0.23492,AUDIT,23 3,1.0,D,80.0,PART,55.67767,6.46643,6.71504,36.78898,0.06871,0.09877,92.94744,2898.32268,AUDIT,23 3,1.0,D,100.0,PART,0.17835,52.85964,14,AUDIT,23 3,1.0,D,61.0,PART,1.38671,0.52403,0.63099,0.54501,0.54188,0.73589,0.76549,0.64281,1.27975,AUDIT,23 3,1.0,D,101.0,PART,36.78898,2898.32268,2.05072,1413.32021,358.79107,7.05256
